[2026-08-28 19:11:35.799] [3653] [HailoRT] [info] [device.cpp:51] [Device] OS Version: Linux 6.18.34+rpt-rpi-2712 #1 SMP PREEMPT Debian 1:6.18.34-1+rpt1 (2026-06-09) aarch64
[2026-08-28 19:11:35.800] [3653] [HailoRT] [info] [control.cpp:113] [control__parse_identify_results] firmware_version is: 4.23.0
[2026-08-28 19:11:35.800] [3653] [HailoRT] [info] [control.cpp:113] [control__parse_identify_results] firmware_version is: 4.23.0
[2026-08-28 19:15:07.023] [3855] [HailoRT] [info] [device.cpp:51] [Device] OS Version: Linux 6.18.34+rpt-rpi-2712 #1 SMP PREEMPT Debian 1:6.18.34-1+rpt1 (2026-06-09) aarch64
[2026-08-28 19:15:07.023] [3855] [HailoRT] [info] [control.cpp:113] [control__parse_identify_results] firmware_version is: 4.23.0
[2026-08-28 19:15:07.023] [3855] [HailoRT] [info] [control.cpp:113] [control__parse_identify_results] firmware_version is: 4.23.0
[2026-08-28 19:51:14.974] [5011] [HailoRT] [info] [vdevice.cpp:535] [create] Creating vdevice with params: device_count: 1, scheduling_algorithm: ROUND_ROBIN, multi_process_service: false
[2026-08-28 19:51:14.986] [5011] [HailoRT] [info] [device.cpp:51] [Device] OS Version: Linux 6.18.34+rpt-rpi-2712 #1 SMP PREEMPT Debian 1:6.18.34-1+rpt1 (2026-06-09) aarch64
[2026-08-28 19:51:14.986] [5011] [HailoRT] [info] [control.cpp:113] [control__parse_identify_results] firmware_version is: 4.23.0
[2026-08-28 19:51:14.986] [5011] [HailoRT] [info] [vdevice.cpp:682] [create] VDevice Infos: 0001:01:00.0
[2026-08-28 19:51:14.988] [5011] [HailoRT] [info] [hef.cpp:1994] [get_network_group_and_network_name] No name was given. Addressing all networks of default network_group: superpoint
[2026-08-28 19:51:14.988] [5011] [HailoRT] [info] [hef.cpp:1994] [get_network_group_and_network_name] No name was given. Addressing all networks of default network_group: superpoint
[2026-08-28 19:51:14.993] [5011] [HailoRT] [info] [internal_buffer_manager.cpp:75] [print_execution_results] Default Internal buffer planner failed to meet requirements
[2026-08-28 19:51:14.993] [5011] [HailoRT] [info] [internal_buffer_manager.cpp:86] [print_execution_results] Default Internal buffer planner executed successfully
[2026-08-28 19:51:15.000] [5011] [HailoRT] [info] [device_internal.cpp:57] [configure] Configuring HEF took 11.662241 milliseconds
[2026-08-28 19:51:15.000] [5011] [HailoRT] [info] [vdevice.cpp:780] [configure] Configuring HEF on VDevice took 11.931128 milliseconds
[2026-08-28 19:51:15.000] [5011] [HailoRT] [info] [infer_model.cpp:417] [configure] Configuring network group 'superpoint' with params: batch size: 0, power mode: PERFORMANCE, latency: NONE
[2026-08-28 19:51:15.000] [5011] [HailoRT] [info] [multi_io_elements.cpp:754] [create] Created (AsyncHwEl)
[2026-08-28 19:51:15.000] [5011] [HailoRT] [info] [queue_elements.cpp:450] [create] Created (EntryPushQEl0superpoint/input_layer1 | timeout: 10s)
[2026-08-28 19:51:15.000] [5011] [HailoRT] [info] [queue_elements.cpp:450] [create] Created (PushQEl1AsyncHwEl | timeout: 10s)
[2026-08-28 19:51:15.000] [5011] [HailoRT] [info] [filter_elements.cpp:372] [create] Created (PostInferEl1AsyncHwEl | Reorder - src_order: FCR, src_shape: (50, 80, 72), dst_order: FCR, dst_shape: (50, 80, 65))
[2026-08-28 19:51:15.000] [5011] [HailoRT] [info] [edge_elements.cpp:187] [create] Created (LastAsyncEl0PostInferEl1AsyncHwEl)
[2026-08-28 19:51:15.000] [5011] [HailoRT] [info] [edge_elements.cpp:187] [create] Created (LastAsyncEl0AsyncHwEl)
[2026-08-28 19:51:15.000] [5011] [HailoRT] [info] [pipeline.cpp:891] [print_deep_description] EntryPushQEl0superpoint/input_layer1 | inputs: user | outputs: AsyncHwEl(running in thread_id: 5018)
[2026-08-28 19:51:15.000] [5011] [HailoRT] [info] [pipeline.cpp:891] [print_deep_description] AsyncHwEl | inputs: EntryPushQEl0superpoint/input_layer1[0] | outputs: LastAsyncEl0AsyncHwEl PushQEl1AsyncHwEl
[2026-08-28 19:51:15.000] [5011] [HailoRT] [info] [pipeline.cpp:891] [print_deep_description] LastAsyncEl0AsyncHwEl | inputs: AsyncHwEl[0] | outputs: user
[2026-08-28 19:51:15.000] [5011] [HailoRT] [info] [pipeline.cpp:891] [print_deep_description] PushQEl1AsyncHwEl | inputs: AsyncHwEl[0] | outputs: PostInferEl1AsyncHwEl(running in thread_id: 5019)
[2026-08-28 19:51:15.000] [5011] [HailoRT] [info] [pipeline.cpp:891] [print_deep_description] PostInferEl1AsyncHwEl | inputs: PushQEl1AsyncHwEl[0] | outputs: LastAsyncEl0PostInferEl1AsyncHwEl
[2026-08-28 19:51:15.000] [5011] [HailoRT] [info] [pipeline.cpp:891] [print_deep_description] LastAsyncEl0PostInferEl1AsyncHwEl | inputs: PostInferEl1AsyncHwEl[0] | outputs: user
[2026-08-28 19:51:15.030] [5011] [HailoRT] [error] [infer_model.cpp:917] [validate_bindings] CHECK failed - Output buffer size 1040000 is different than expected 260000 for output 'superpoint/conv10'
[2026-08-28 19:51:15.030] [5011] [HailoRT] [error] [infer_model.cpp:945] [run_async] CHECK_SUCCESS failed with status=HAILO_INVALID_OPERATION(6)
[2026-08-28 19:51:15.030] [5011] [HailoRT] [info] [async_infer_runner.cpp:86] [shutdown] Pipeline was aborted. Shutting it down
[2026-08-28 19:51:15.031] [5011] [HailoRT] [error] [infer_model.cpp:651] [run_async] CHECK_SUCCESS failed with status=HAILO_INVALID_OPERATION(6)
[2026-08-28 19:52:00.913] [5045] [HailoRT] [info] [vdevice.cpp:535] [create] Creating vdevice with params: device_count: 1, scheduling_algorithm: ROUND_ROBIN, multi_process_service: false
[2026-08-28 19:52:00.926] [5045] [HailoRT] [info] [device.cpp:51] [Device] OS Version: Linux 6.18.34+rpt-rpi-2712 #1 SMP PREEMPT Debian 1:6.18.34-1+rpt1 (2026-06-09) aarch64
[2026-08-28 19:52:00.926] [5045] [HailoRT] [info] [control.cpp:113] [control__parse_identify_results] firmware_version is: 4.23.0
[2026-08-28 19:52:00.926] [5045] [HailoRT] [info] [vdevice.cpp:682] [create] VDevice Infos: 0001:01:00.0
[2026-08-28 19:52:00.927] [5045] [HailoRT] [info] [hef.cpp:1994] [get_network_group_and_network_name] No name was given. Addressing all networks of default network_group: superpoint
[2026-08-28 19:52:00.927] [5045] [HailoRT] [info] [hef.cpp:1994] [get_network_group_and_network_name] No name was given. Addressing all networks of default network_group: superpoint
[2026-08-28 19:52:00.933] [5045] [HailoRT] [info] [internal_buffer_manager.cpp:75] [print_execution_results] Default Internal buffer planner failed to meet requirements
[2026-08-28 19:52:00.933] [5045] [HailoRT] [info] [internal_buffer_manager.cpp:86] [print_execution_results] Default Internal buffer planner executed successfully
[2026-08-28 19:52:00.940] [5045] [HailoRT] [info] [device_internal.cpp:57] [configure] Configuring HEF took 12.005904 milliseconds
[2026-08-28 19:52:00.940] [5045] [HailoRT] [info] [vdevice.cpp:780] [configure] Configuring HEF on VDevice took 12.271773 milliseconds
[2026-08-28 19:52:00.940] [5045] [HailoRT] [info] [infer_model.cpp:417] [configure] Configuring network group 'superpoint' with params: batch size: 0, power mode: PERFORMANCE, latency: NONE
[2026-08-28 19:52:00.940] [5045] [HailoRT] [info] [multi_io_elements.cpp:754] [create] Created (AsyncHwEl)
[2026-08-28 19:52:00.940] [5045] [HailoRT] [info] [queue_elements.cpp:450] [create] Created (EntryPushQEl0superpoint/input_layer1 | timeout: 10s)
[2026-08-28 19:52:00.940] [5045] [HailoRT] [info] [queue_elements.cpp:450] [create] Created (PushQEl1AsyncHwEl | timeout: 10s)
[2026-08-28 19:52:00.940] [5045] [HailoRT] [info] [filter_elements.cpp:372] [create] Created (PostInferEl1AsyncHwEl | Quantization - src_type: UINT8, dst_type FLOAT32, limvals_min: -61.1455, limvals_max: 21.3524 | Reorder - src_order: FCR, src_shape: (50, 80, 72), dst_order: FCR, dst_shape: (50, 80, 65))
[2026-08-28 19:52:00.940] [5045] [HailoRT] [info] [edge_elements.cpp:187] [create] Created (LastAsyncEl0PostInferEl1AsyncHwEl)
[2026-08-28 19:52:00.940] [5045] [HailoRT] [info] [queue_elements.cpp:450] [create] Created (PushQEl0AsyncHwEl | timeout: 10s)
[2026-08-28 19:52:00.940] [5045] [HailoRT] [info] [filter_elements.cpp:372] [create] Created (PostInferEl0AsyncHwEl | Quantization - src_type: UINT8, dst_type FLOAT32, limvals_min: -893.941, limvals_max: 782.198)
[2026-08-28 19:52:00.940] [5045] [HailoRT] [info] [edge_elements.cpp:187] [create] Created (LastAsyncEl0PostInferEl0AsyncHwEl)
[2026-08-28 19:52:00.940] [5045] [HailoRT] [info] [pipeline.cpp:891] [print_deep_description] EntryPushQEl0superpoint/input_layer1 | inputs: user | outputs: AsyncHwEl(running in thread_id: 5052)
[2026-08-28 19:52:00.940] [5045] [HailoRT] [info] [pipeline.cpp:891] [print_deep_description] AsyncHwEl | inputs: EntryPushQEl0superpoint/input_layer1[0] | outputs: PushQEl0AsyncHwEl PushQEl1AsyncHwEl
[2026-08-28 19:52:00.940] [5045] [HailoRT] [info] [pipeline.cpp:891] [print_deep_description] PushQEl0AsyncHwEl | inputs: AsyncHwEl[0] | outputs: PostInferEl0AsyncHwEl(running in thread_id: 5054)
[2026-08-28 19:52:00.940] [5045] [HailoRT] [info] [pipeline.cpp:891] [print_deep_description] PostInferEl0AsyncHwEl | inputs: PushQEl0AsyncHwEl[0] | outputs: LastAsyncEl0PostInferEl0AsyncHwEl
[2026-08-28 19:52:00.940] [5045] [HailoRT] [info] [pipeline.cpp:891] [print_deep_description] LastAsyncEl0PostInferEl0AsyncHwEl | inputs: PostInferEl0AsyncHwEl[0] | outputs: user
[2026-08-28 19:52:00.940] [5045] [HailoRT] [info] [pipeline.cpp:891] [print_deep_description] PushQEl1As[2026-08-28 19:52:33.556] [5077] [HailoRT] [info] [vdevice.cpp:535] [create] Creating vdevice with params: device_count: 1, scheduling_algorithm: ROUND_ROBIN, multi_process_service: false
[2026-08-28 19:52:33.567] [5077] [HailoRT] [info] [device.cpp:51] [Device] OS Version: Linux 6.18.34+rpt-rpi-2712 #1 SMP PREEMPT Debian 1:6.18.34-1+rpt1 (2026-06-09) aarch64
[2026-08-28 19:52:33.568] [5077] [HailoRT] [info] [control.cpp:113] [control__parse_identify_results] firmware_version is: 4.23.0
[2026-08-28 19:52:33.568] [5077] [HailoRT] [info] [vdevice.cpp:682] [create] VDevice Infos: 0001:01:00.0
[2026-08-28 19:52:33.569] [5077] [HailoRT] [info] [hef.cpp:1994] [get_network_group_and_network_name] No name was given. Addressing all networks of default network_group: superpoint
[2026-08-28 19:52:33.569] [5077] [HailoRT] [info] [hef.cpp:1994] [get_network_group_and_network_name] No name was given. Addressing all networks of default network_group: superpoint
[2026-08-28 19:52:33.575] [5077] [HailoRT] [info] [internal_buffer_manager.cpp:75] [print_execution_results] Default Internal buffer planner failed to meet requirements
[2026-08-28 19:52:33.575] [5077] [HailoRT] [info] [internal_buffer_manager.cpp:86] [print_execution_results] Default Internal buffer planner executed successfully
[2026-08-28 19:52:33.580] [5077] [HailoRT] [info] [device_internal.cpp:57] [configure] Configuring HEF took 10.815557 milliseconds
[2026-08-28 19:52:33.580] [5077] [HailoRT] [info] [vdevice.cpp:780] [configure] Configuring HEF on VDevice took 11.091258 milliseconds
[2026-08-28 19:52:33.580] [5077] [HailoRT] [info] [infer_model.cpp:417] [configure] Configuring network group 'superpoint' with params: batch size: 0, power mode: PERFORMANCE, latency: NONE
[2026-08-28 19:52:33.581] [5077] [HailoRT] [info] [multi_io_elements.cpp:754] [create] Created (AsyncHwEl)
[2026-08-28 19:52:33.581] [5077] [HailoRT] [info] [queue_elements.cpp:450] [create] Created (EntryPushQEl0superpoint/input_layer1 | timeout: 10s)
[2026-08-28 19:52:33.581] [5077] [HailoRT] [info] [queue_elements.cpp:450] [create] Created (PushQEl1AsyncHwEl | timeout: 10s)
[2026-08-28 19:52:33.581] [5077] [HailoRT] [info] [filter_elements.cpp:372] [create] Created (PostInferEl1AsyncHwEl | Quantization - src_type: UINT8, dst_type FLOAT32, limvals_min: -61.1455, limvals_max: 21.3524 | Reorder - src_order: FCR, src_shape: (50, 80, 72), dst_order: FCR, dst_shape: (50, 80, 65))
[2026-08-28 19:52:33.581] [5077] [HailoRT] [info] [edge_elements.cpp:187] [create] Created (LastAsyncEl0PostInferEl1AsyncHwEl)
[2026-08-28 19:52:33.581] [5077] [HailoRT] [info] [queue_elements.cpp:450] [create] Created (PushQEl0AsyncHwEl | timeout: 10s)
[2026-08-28 19:52:33.581] [5077] [HailoRT] [info] [filter_elements.cpp:372] [create] Created (PostInferEl0AsyncHwEl | Quantization - src_type: UINT8, dst_type FLOAT32, limvals_min: -893.941, limvals_max: 782.198)
[2026-08-28 19:52:33.581] [5077] [HailoRT] [info] [edge_elements.cpp:187] [create] Created (LastAsyncEl0PostInferEl0AsyncHwEl)
[2026-08-28 19:52:33.581] [5077] [HailoRT] [info] [pipeline.cpp:891] [print_deep_description] EntryPushQEl0superpoint/input_layer1 | inputs: user | outputs: AsyncHwEl(running in thread_id: 5086)
[2026-08-28 19:52:33.581] [5077] [HailoRT] [info] [pipeline.cpp:891] [print_deep_description] AsyncHwEl | inputs: EntryPushQEl0superpoint/input_layer1[0] | outputs: PushQEl0AsyncHwEl PushQEl1AsyncHwEl
[2026-08-28 19:52:33.581] [5077] [HailoRT] [info] [pipeline.cpp:891] [print_deep_description] PushQEl0AsyncHwEl | inputs: AsyncHwEl[0] | outputs: PostInferEl0AsyncHwEl(running in thread_id: 5088)
[2026-08-28 19:52:33.581] [5077] [HailoRT] [info] [pipeline.cpp:891] [print_deep_description] PostInferEl0AsyncHwEl | inputs: PushQEl0AsyncHwEl[0] | outputs: LastAsyncEl0PostInferEl0AsyncHwEl
[2026-08-28 19:52:33.581] [5077] [HailoRT] [info] [pipeline.cpp:891] [print_deep_description] LastAsyncEl0PostInferEl0AsyncHwEl | inputs: PostInferEl0AsyncHwEl[0] | outputs: user
[2026-08-28 19:52:33.581] [5077] [HailoRT] [info] [pipeline.cpp:891] [print_deep_description] PushQEl1As[2026-08-28 19:53:00.853] [5162] [HailoRT] [info] [vdevice.cpp:535] [create] Creating vdevice with params: device_count: 1, scheduling_algorithm: ROUND_ROBIN, multi_process_service: false
[2026-08-28 19:53:00.865] [5162] [HailoRT] [info] [device.cpp:51] [Device] OS Version: Linux 6.18.34+rpt-rpi-2712 #1 SMP PREEMPT Debian 1:6.18.34-1+rpt1 (2026-06-09) aarch64
[2026-08-28 19:53:00.865] [5162] [HailoRT] [info] [control.cpp:113] [control__parse_identify_results] firmware_version is: 4.23.0
[2026-08-28 19:53:00.865] [5162] [HailoRT] [info] [vdevice.cpp:682] [create] VDevice Infos: 0001:01:00.0
[2026-08-28 19:53:00.867] [5162] [HailoRT] [info] [hef.cpp:1994] [get_network_group_and_network_name] No name was given. Addressing all networks of default network_group: superpoint
[2026-08-28 19:53:00.867] [5162] [HailoRT] [info] [hef.cpp:1994] [get_network_group_and_network_name] No name was given. Addressing all networks of default network_group: superpoint
[2026-08-28 19:53:00.872] [5162] [HailoRT] [info] [internal_buffer_manager.cpp:75] [print_execution_results] Default Internal buffer planner failed to meet requirements
[2026-08-28 19:53:00.873] [5162] [HailoRT] [info] [internal_buffer_manager.cpp:86] [print_execution_results] Default Internal buffer planner executed successfully
[2026-08-28 19:53:00.878] [5162] [HailoRT] [info] [device_internal.cpp:57] [configure] Configuring HEF took 10.935295 milliseconds
[2026-08-28 19:53:00.878] [5162] [HailoRT] [info] [vdevice.cpp:780] [configure] Configuring HEF on VDevice took 11.20872 milliseconds
[2026-08-28 19:53:00.878] [5162] [HailoRT] [info] [infer_model.cpp:417] [configure] Configuring network group 'superpoint' with params: batch size: 0, power mode: PERFORMANCE, latency: NONE
[2026-08-28 19:53:00.878] [5162] [HailoRT] [info] [multi_io_elements.cpp:754] [create] Created (AsyncHwEl)
[2026-08-28 19:53:00.879] [5162] [HailoRT] [info] [queue_elements.cpp:450] [create] Created (EntryPushQEl0superpoint/input_layer1 | timeout: 10s)
[2026-08-28 19:53:00.879] [5162] [HailoRT] [info] [queue_elements.cpp:450] [create] Created (PushQEl1AsyncHwEl | timeout: 10s)
[2026-08-28 19:53:00.879] [5162] [HailoRT] [info] [filter_elements.cpp:372] [create] Created (PostInferEl1AsyncHwEl | Quantization - src_type: UINT8, dst_type FLOAT32, limvals_min: -61.1455, limvals_max: 21.3524 | Reorder - src_order: FCR, src_shape: (50, 80, 72), dst_order: FCR, dst_shape: (50, 80, 65))
[2026-08-28 19:53:00.879] [5162] [HailoRT] [info] [edge_elements.cpp:187] [create] Created (LastAsyncEl0PostInferEl1AsyncHwEl)
[2026-08-28 19:53:00.879] [5162] [HailoRT] [info] [queue_elements.cpp:450] [create] Created (PushQEl0AsyncHwEl | timeout: 10s)
[2026-08-28 19:53:00.879] [5162] [HailoRT] [info] [filter_elements.cpp:372] [create] Created (PostInferEl0AsyncHwEl | Quantization - src_type: UINT8, dst_type FLOAT32, limvals_min: -893.941, limvals_max: 782.198)
[2026-08-28 19:53:00.879] [5162] [HailoRT] [info] [edge_elements.cpp:187] [create] Created (LastAsyncEl0PostInferEl0AsyncHwEl)
[2026-08-28 19:53:00.879] [5162] [HailoRT] [info] [pipeline.cpp:891] [print_deep_description] EntryPushQEl0superpoint/input_layer1 | inputs: user | outputs: AsyncHwEl(running in thread_id: 5185)
[2026-08-28 19:53:00.879] [5162] [HailoRT] [info] [pipeline.cpp:891] [print_deep_description] AsyncHwEl | inputs: EntryPushQEl0superpoint/input_layer1[0] | outputs: PushQEl0AsyncHwEl PushQEl1AsyncHwEl
[2026-08-28 19:53:00.879] [5162] [HailoRT] [info] [pipeline.cpp:891] [print_deep_description] PushQEl0AsyncHwEl | inputs: AsyncHwEl[0] | outputs: PostInferEl0AsyncHwEl(running in thread_id: 5187)
[2026-08-28 19:53:00.879] [5162] [HailoRT] [info] [pipeline.cpp:891] [print_deep_description] PostInferEl0AsyncHwEl | inputs: PushQEl0AsyncHwEl[0] | outputs: LastAsyncEl0PostInferEl0AsyncHwEl
[2026-08-28 19:53:00.879] [5162] [HailoRT] [info] [pipeline.cpp:891] [print_deep_description] LastAsyncEl0PostInferEl0AsyncHwEl | inputs: PostInferEl0AsyncHwEl[0] | outputs: user
[2026-08-28 19:53:00.879] [5162] [HailoRT] [info] [pipeline.cpp:891] [print_deep_description] PushQEl1AsyncHwEl | inputs: AsyncHwEl[0] | outputs: PostInferEl1AsyncHwEl(running in thread_id: 5186)
[2026-08-28 19:53:00.879] [5162] [HailoRT] [info] [pipeline.cpp:891] [print_deep_description] PostInferEl1AsyncHwEl | inputs: PushQEl1AsyncHwEl[0] | outputs: LastAsyncEl0PostInferEl1AsyncHwEl
[2026-08-28 19:53:00.879] [5162] [HailoRT] [info] [pipeline.cpp:891] [print_deep_description] LastAsyncEl0PostInferEl1AsyncHwEl | inputs: PostInferEl1AsyncHwEl[0] | outputs: user
[2026-08-28 19:53:52.608] [5276] [HailoRT] [info] [vdevice.cpp:535] [create] Creating vdevice with params: device_count: 1, scheduling_algorithm: ROUND_ROBIN, multi_process_service: false
[2026-08-28 19:53:52.619] [5276] [HailoRT] [info] [device.cpp:51] [Device] OS Version: Linux 6.18.34+rpt-rpi-2712 #1 SMP PREEMPT Debian 1:6.18.34-1+rpt1 (2026-06-09) aarch64
[2026-08-28 19:53:52.619] [5276] [HailoRT] [info] [control.cpp:113] [control__parse_identify_results] firmware_version is: 4.23.0
[2026-08-28 19:53:52.619] [5276] [HailoRT] [info] [vdevice.cpp:682] [create] VDevice Infos: 0001:01:00.0
[2026-08-28 19:53:52.621] [5276] [HailoRT] [info] [hef.cpp:1994] [get_network_group_and_network_name] No name was given. Addressing all networks of default network_group: superpoint
[2026-08-28 19:53:52.621] [5276] [HailoRT] [info] [hef.cpp:1994] [get_network_group_and_network_name] No name was given. Addressing all networks of default network_group: superpoint
[2026-08-28 19:53:52.626] [5276] [HailoRT] [info] [internal_buffer_manager.cpp:75] [print_execution_results] Default Internal buffer planner failed to meet requirements
[2026-08-28 19:53:52.626] [5276] [HailoRT] [info] [internal_buffer_manager.cpp:86] [print_execution_results] Default Internal buffer planner executed successfully
[2026-08-28 19:53:52.632] [5276] [HailoRT] [info] [device_internal.cpp:57] [configure] Configuring HEF took 10.513388 milliseconds
[2026-08-28 19:53:52.632] [5276] [HailoRT] [info] [vdevice.cpp:780] [configure] Configuring HEF on VDevice took 10.786405 milliseconds
[2026-08-28 19:53:52.632] [5276] [HailoRT] [info] [infer_model.cpp:417] [configure] Configuring network group 'superpoint' with params: batch size: 0, power mode: PERFORMANCE, latency: NONE
[2026-08-28 19:53:52.632] [5276] [HailoRT] [info] [multi_io_elements.cpp:754] [create] Created (AsyncHwEl)
[2026-08-28 19:53:52.632] [5276] [HailoRT] [info] [queue_elements.cpp:450] [create] Created (EntryPushQEl0superpoint/input_layer1 | timeout: 10s)
[2026-08-28 19:53:52.632] [5276] [HailoRT] [info] [queue_elements.cpp:450] [create] Created (PushQEl1AsyncHwEl | timeout: 10s)
[2026-08-28 19:53:52.632] [5276] [HailoRT] [info] [filter_elements.cpp:372] [create] Created (PostInferEl1AsyncHwEl | Quantization - src_type: UINT8, dst_type FLOAT32, limvals_min: -61.1455, limvals_max: 21.3524 | Reorder - src_order: FCR, src_shape: (50, 80, 72), dst_order: FCR, dst_shape: (50, 80, 65))
[2026-08-28 19:53:52.632] [5276] [HailoRT] [info] [edge_elements.cpp:187] [create] Created (LastAsyncEl0PostInferEl1AsyncHwEl)
[2026-08-28 19:53:52.632] [5276] [HailoRT] [info] [queue_elements.cpp:450] [create] Created (PushQEl0AsyncHwEl | timeout: 10s)
[2026-08-28 19:53:52.632] [5276] [HailoRT] [info] [filter_elements.cpp:372] [create] Created (PostInferEl0AsyncHwEl | Quantization - src_type: UINT8, dst_type FLOAT32, limvals_min: -893.941, limvals_max: 782.198)
[2026-08-28 19:53:52.632] [5276] [HailoRT] [info] [edge_elements.cpp:187] [create] Created (LastAsyncEl0PostInferEl0AsyncHwEl)
[2026-08-28 19:53:52.632] [5276] [HailoRT] [info] [pipeline.cpp:891] [print_deep_description] EntryPushQEl0superpoint/input_layer1 | inputs: user | outputs: AsyncHwEl(running in thread_id: 5299)
[2026-08-28 19:53:52.632] [5276] [HailoRT] [info] [pipeline.cpp:891] [print_deep_description] AsyncHwEl | inputs: EntryPushQEl0superpoint/input_layer1[0] | outputs: PushQEl0AsyncHwEl PushQEl1AsyncHwEl
[2026-08-28 19:53:52.632] [5276] [HailoRT] [info] [pipeline.cpp:891] [print_deep_description] PushQEl0AsyncHwEl | inputs: AsyncHwEl[0] | outputs: PostInferEl0AsyncHwEl(running in thread_id: 5301)
[2026-08-28 19:53:52.632] [5276] [HailoRT] [info] [pipeline.cpp:891] [print_deep_description] PostInferEl0AsyncHwEl | inputs: PushQEl0AsyncHwEl[0] | outputs: LastAsyncEl0PostInferEl0AsyncHwEl
[2026-08-28 19:53:52.632] [5276] [HailoRT] [info] [pipeline.cpp:891] [print_deep_description] LastAsyncEl0PostInferEl0AsyncHwEl | inputs: PostInferEl0AsyncHwEl[0] | outputs: user
[2026-08-28 19:53:52.632] [5276] [HailoRT] [info] [pipeline.cpp:891] [print_deep_description] PushQEl1AsyncHwEl | inputs: AsyncHwEl[0] | outputs: PostInferEl1AsyncHwEl(running in thread_id: 5300)
[2026-08-28 19:53:52.632] [5276] [HailoRT] [info] [pipeline.cpp:891] [print_deep_description] PostInferEl1AsyncHwEl | inputs: PushQEl1AsyncHwEl[0] | outputs: LastAsyncEl0PostInferEl1AsyncHwEl
[2026-08-28 19:53:52.632] [5276] [HailoRT] [info] [pipeline.cpp:891] [print_deep_description] LastAsyncEl0PostInferEl1AsyncHwEl | inputs: PostInferEl1AsyncHwEl[0] | outputs: user
[2026-08-28 19:54:02.759] [5299] [HailoRT] [error] [vdevice_core_op.cpp:122] [operator()] Frame accumulator is supported only when scheduler is enabled
[2026-08-28 19:54:03.759] [5276] [HailoRT] [error] [infer_model.cpp:1067] [wait] CHECK failed - Waiting for async job to finish has failed with timeout (1000ms)
[2026-08-28 19:54:03.759] [5276] [HailoRT] [error] [infer_model.cpp:1040] [wait] CHECK_SUCCESS failed with status=HAILO_TIMEOUT(4)
[2026-08-28 19:56:56.180] [5481] [HailoRT] [info] [vdevice.cpp:535] [create] Creating vdevice with params: device_count: 1, scheduling_algorithm: ROUND_ROBIN, multi_process_service: false
[2026-08-28 19:56:56.191] [5481] [HailoRT] [info] [device.cpp:51] [Device] OS Version: Linux 6.18.34+rpt-rpi-2712 #1 SMP PREEMPT Debian 1:6.18.34-1+rpt1 (2026-06-09) aarch64
[2026-08-28 19:56:56.191] [5481] [HailoRT] [info] [control.cpp:113] [control__parse_identify_results] firmware_version is: 4.23.0
[2026-08-28 19:56:56.191] [5481] [HailoRT] [info] [vdevice.cpp:682] [create] VDevice Infos: 0001:01:00.0
[2026-08-28 19:56:56.193] [5481] [HailoRT] [info] [hef.cpp:1994] [get_network_group_and_network_name] No name was given. Addressing all networks of default network_group: superpoint
[2026-08-28 19:56:56.193] [5481] [HailoRT] [info] [hef.cpp:1994] [get_network_group_and_network_name] No name was given. Addressing all networks of default network_group: superpoint
[2026-08-28 19:56:56.198] [5481] [HailoRT] [info] [internal_buffer_manager.cpp:75] [print_execution_results] Default Internal buffer planner failed to meet requirements
[2026-08-28 19:56:56.198] [5481] [HailoRT] [info] [internal_buffer_manager.cpp:86] [print_execution_results] Default Internal buffer planner executed successfully
[2026-08-28 19:56:56.203] [5481] [HailoRT] [info] [device_internal.cpp:57] [configure] Configuring HEF took 10.375827 milliseconds
[2026-08-28 19:56:56.204] [5481] [HailoRT] [info] [vdevice.cpp:780] [configure] Configuring HEF on VDevice took 10.642418 milliseconds
[2026-08-28 19:56:56.204] [5481] [HailoRT] [info] [infer_model.cpp:417] [configure] Configuring network group 'superpoint' with params: batch size: 0, power mode: PERFORMANCE, latency: NONE
[2026-08-28 19:56:56.204] [5481] [HailoRT] [info] [multi_io_elements.cpp:754] [create] Created (AsyncHwEl)
[2026-08-28 19:56:56.204] [5481] [HailoRT] [info] [queue_elements.cpp:450] [create] Created (EntryPushQEl0superpoint/input_layer1 | timeout: 10s)
[2026-08-28 19:56:56.204] [5481] [HailoRT] [info] [queue_elements.cpp:450] [create] Created (PushQEl1AsyncHwEl | timeout: 10s)
[2026-08-28 19:56:56.204] [5481] [HailoRT] [info] [filter_elements.cpp:372] [create] Created (PostInferEl1AsyncHwEl | Quantization - src_type: UINT8, dst_type FLOAT32, limvals_min: -61.1455, limvals_max: 21.3524 | Reorder - src_order: FCR, src_shape: (50, 80, 72), dst_order: FCR, dst_shape: (50, 80, 65))
[2026-08-28 19:56:56.204] [5481] [HailoRT] [info] [edge_elements.cpp:187] [create] Created (LastAsyncEl0PostInferEl1AsyncHwEl)
[2026-08-28 19:56:56.204] [5481] [HailoRT] [info] [queue_elements.cpp:450] [create] Created (PushQEl0AsyncHwEl | timeout: 10s)
[2026-08-28 19:56:56.204] [5481] [HailoRT] [info] [filter_elements.cpp:372] [create] Created (PostInferEl0AsyncHwEl | Quantization - src_type: UINT8, dst_type FLOAT32, limvals_min: -893.941, limvals_max: 782.198)
[2026-08-28 19:56:56.204] [5481] [HailoRT] [info] [edge_elements.cpp:187] [create] Created (LastAsyncEl0PostInferEl0AsyncHwEl)
[2026-08-28 19:56:56.204] [5481] [HailoRT] [info] [pipeline.cpp:891] [print_deep_description] EntryPushQEl0superpoint/input_layer1 | inputs: user | outputs: AsyncHwEl(running in thread_id: 5503)
[2026-08-28 19:56:56.204] [5481] [HailoRT] [info] [pipeline.cpp:891] [print_deep_description] AsyncHwEl | inputs: EntryPushQEl0superpoint/input_layer1[0] | outputs: PushQEl0AsyncHwEl PushQEl1AsyncHwEl
[2026-08-28 19:56:56.204] [5481] [HailoRT] [info] [pipeline.cpp:891] [print_deep_description] PushQEl0AsyncHwEl | inputs: AsyncHwEl[0] | outputs: PostInferEl0AsyncHwEl(running in thread_id: 5505)
[2026-08-28 19:56:56.204] [5481] [HailoRT] [info] [pipeline.cpp:891] [print_deep_description] PostInferEl0AsyncHwEl | inputs: PushQEl0AsyncHwEl[0] | outputs: LastAsyncEl0PostInferEl0AsyncHwEl
[2026-08-28 19:56:56.204] [5481] [HailoRT] [info] [pipeline.cpp:891] [print_deep_description] LastAsyncEl0PostInferEl0AsyncHwEl | inputs: PostInferEl0AsyncHwEl[0] | outputs: user
[2026-08-28 19:56:56.204] [5481] [HailoRT] [info] [pipeline.cpp:891] [print_deep_description] PushQEl1AsyncHwEl | inputs: AsyncHwEl[0] | outputs: PostInferEl1AsyncHwEl(running in thread_id: 5504)
[2026-08-28 19:56:56.204] [5481] [HailoRT] [info] [pipeline.cpp:891] [print_deep_description] PostInferEl1AsyncHwEl | inputs: PushQEl1AsyncHwEl[0] | outputs: LastAsyncEl0PostInferEl1AsyncHwEl
[2026-08-28 19:56:56.204] [5481] [HailoRT] [info] [pipeline.cpp:891] [print_deep_description] LastAsyncEl0PostInferEl1AsyncHwEl | inputs: PostInferEl1AsyncHwEl[0] | outputs: user
[2026-08-28 19:57:54.178] [5503] [HailoRT] [error] [vdevice_core_op.cpp:122] [operator()] Frame accumulator is supported only when scheduler is enabled
[2026-08-28 19:57:55.178] [5481] [HailoRT] [error] [infer_model.cpp:1067] [wait] CHECK failed - Waiting for async job to finish has failed with timeout (1000ms)
[2026-08-28 19:57:55.178] [5481] [HailoRT] [error] [infer_model.cpp:1040] [wait] CHECK_SUCCESS failed with status=HAILO_TIMEOUT(4)
[2026-08-28 19:58:57.952] [5641] [HailoRT] [info] [vdevice.cpp:535] [create] Creating vdevice with params: device_count: 1, scheduling_algorithm: ROUND_ROBIN, multi_process_service: false
[2026-08-28 19:58:57.963] [5641] [HailoRT] [info] [device.cpp:51] [Device] OS Version: Linux 6.18.34+rpt-rpi-2712 #1 SMP PREEMPT Debian 1:6.18.34-1+rpt1 (2026-06-09) aarch64
[2026-08-28 19:58:57.963] [5641] [HailoRT] [info] [control.cpp:113] [control__parse_identify_results] firmware_version is: 4.23.0
[2026-08-28 19:58:57.963] [5641] [HailoRT] [info] [vdevice.cpp:682] [create] VDevice Infos: 0001:01:00.0
[2026-08-28 19:58:57.965] [5641] [HailoRT] [info] [hef.cpp:1994] [get_network_group_and_network_name] No name was given. Addressing all networks of default network_group: superpoint
[2026-08-28 19:58:57.965] [5641] [HailoRT] [info] [hef.cpp:1994] [get_network_group_and_network_name] No name was given. Addressing all networks of default network_group: superpoint
[2026-08-28 19:58:57.970] [5641] [HailoRT] [info] [internal_buffer_manager.cpp:75] [print_execution_results] Default Internal buffer planner failed to meet requirements
[2026-08-28 19:58:57.970] [5641] [HailoRT] [info] [internal_buffer_manager.cpp:86] [print_execution_results] Default Internal buffer planner executed successfully
[2026-08-28 19:58:57.975] [5641] [HailoRT] [info] [device_internal.cpp:57] [configure] Configuring HEF took 10.344695 milliseconds
[2026-08-28 19:58:57.975] [5641] [HailoRT] [info] [vdevice.cpp:780] [configure] Configuring HEF on VDevice took 10.610916 milliseconds
[2026-08-28 19:58:57.975] [5641] [HailoRT] [info] [infer_model.cpp:417] [configure] Configuring network group 'superpoint' with params: batch size: 0, power mode: PERFORMANCE, latency: NONE
[2026-08-28 19:58:57.975] [5641] [HailoRT] [info] [multi_io_elements.cpp:754] [create] Created (AsyncHwEl)
[2026-08-28 19:58:57.976] [5641] [HailoRT] [info] [queue_elements.cpp:450] [create] Created (EntryPushQEl0superpoint/input_layer1 | timeout: 10s)
[2026-08-28 19:58:57.976] [5641] [HailoRT] [info] [queue_elements.cpp:450] [create] Created (PushQEl1AsyncHwEl | timeout: 10s)
[2026-08-28 19:58:57.976] [5641] [HailoRT] [info] [filter_elements.cpp:372] [create] Created (PostInferEl1AsyncHwEl | Quantization - src_type: UINT8, dst_type FLOAT32, limvals_min: -61.1455, limvals_max: 21.3524 | Reorder - src_order: FCR, src_shape: (50, 80, 72), dst_order: FCR, dst_shape: (50, 80, 65))
[2026-08-28 19:58:57.976] [5641] [HailoRT] [info] [edge_elements.cpp:187] [create] Created (LastAsyncEl0PostInferEl1AsyncHwEl)
[2026-08-28 19:58:57.976] [5641] [HailoRT] [info] [queue_elements.cpp:450] [create] Created (PushQEl0AsyncHwEl | timeout: 10s)
[2026-08-28 19:58:57.976] [5641] [HailoRT] [info] [filter_elements.cpp:372] [create] Created (PostInferEl0AsyncHwEl | Quantization - src_type: UINT8, dst_type FLOAT32, limvals_min: -893.941, limvals_max: 782.198)
[2026-08-28 19:58:57.976] [5641] [HailoRT] [info] [edge_elements.cpp:187] [create] Created (LastAsyncEl0PostInferEl0AsyncHwEl)
[2026-08-28 19:58:57.976] [5641] [HailoRT] [info] [pipeline.cpp:891] [print_deep_description] EntryPushQEl0superpoint/input_layer1 | inputs: user | outputs: AsyncHwEl(running in thread_id: 5663)
[2026-08-28 19:58:57.976] [5641] [HailoRT] [info] [pipeline.cpp:891] [print_deep_description] AsyncHwEl | inputs: EntryPushQEl0superpoint/input_layer1[0] | outputs: PushQEl0AsyncHwEl PushQEl1AsyncHwEl
[2026-08-28 19:58:57.976] [5641] [HailoRT] [info] [pipeline.cpp:891] [print_deep_description] PushQEl0AsyncHwEl | inputs: AsyncHwEl[0] | outputs: PostInferEl0AsyncHwEl(running in thread_id: 5665)
[2026-08-28 19:58:57.976] [5641] [HailoRT] [info] [pipeline.cpp:891] [print_deep_description] PostInferEl0AsyncHwEl | inputs: PushQEl0AsyncHwEl[0] | outputs: LastAsyncEl0PostInferEl0AsyncHwEl
[2026-08-28 19:58:57.976] [5641] [HailoRT] [info] [pipeline.cpp:891] [print_deep_description] LastAsyncEl0PostInferEl0AsyncHwEl | inputs: PostInferEl0AsyncHwEl[0] | outputs: user
[2026-08-28 19:58:57.976] [5641] [HailoRT] [info] [pipeline.cpp:891] [print_deep_description] PushQEl1AsyncHwEl | inputs: AsyncHwEl[0] | outputs: PostInferEl1AsyncHwEl(running in thread_id: 5664)
[2026-08-28 19:58:57.976] [5641] [HailoRT] [info] [pipeline.cpp:891] [print_deep_description] PostInferEl1AsyncHwEl | inputs: PushQEl1AsyncHwEl[0] | outputs: LastAsyncEl0PostInferEl1AsyncHwEl
[2026-08-28 19:58:57.976] [5641] [HailoRT] [info] [pipeline.cpp:891] [print_deep_description] LastAsyncEl0PostInferEl1AsyncHwEl | inputs: PostInferEl1AsyncHwEl[0] | outputs: user
[2026-08-28 19:59:08.111] [5663] [HailoRT] [error] [vdevice_core_op.cpp:122] [operator()] Frame accumulator is supported only when scheduler is enabled
[2026-08-28 19:59:09.111] [5641] [HailoRT] [error] [infer_model.cpp:1067] [wait] CHECK failed - Waiting for async job to finish has failed with timeout (1000ms)
[2026-08-28 19:59:09.111] [5641] [HailoRT] [error] [infer_model.cpp:1040] [wait] CHECK_SUCCESS failed with status=HAILO_TIMEOUT(4)
[2026-08-28 19:59:55.858] [5719] [HailoRT] [info] [vdevice.cpp:535] [create] Creating vdevice with params: device_count: 1, scheduling_algorithm: ROUND_ROBIN, multi_process_service: false
[2026-08-28 19:59:55.870] [5719] [HailoRT] [info] [device.cpp:51] [Device] OS Version: Linux 6.18.34+rpt-rpi-2712 #1 SMP PREEMPT Debian 1:6.18.34-1+rpt1 (2026-06-09) aarch64
[2026-08-28 19:59:55.870] [5719] [HailoRT] [info] [control.cpp:113] [control__parse_identify_results] firmware_version is: 4.23.0
[2026-08-28 19:59:55.870] [5719] [HailoRT] [info] [vdevice.cpp:682] [create] VDevice Infos: 0001:01:00.0
[2026-08-28 19:59:55.872] [5719] [HailoRT] [info] [hef.cpp:1994] [get_network_group_and_network_name] No name was given. Addressing all networks of default network_group: superpoint
[2026-08-28 19:59:55.872] [5719] [HailoRT] [info] [hef.cpp:1994] [get_network_group_and_network_name] No name was given. Addressing all networks of default network_group: superpoint
[2026-08-28 19:59:55.877] [5719] [HailoRT] [info] [internal_buffer_manager.cpp:75] [print_execution_results] Default Internal buffer planner failed to meet requirements
[2026-08-28 19:59:55.877] [5719] [HailoRT] [info] [internal_buffer_manager.cpp:86] [print_execution_results] Default Internal buffer planner executed successfully
[2026-08-28 19:59:55.883] [5719] [HailoRT] [info] [device_internal.cpp:57] [configure] Configuring HEF took 10.368693 milliseconds
[2026-08-28 19:59:55.883] [5719] [HailoRT] [info] [vdevice.cpp:780] [configure] Configuring HEF on VDevice took 10.622193 milliseconds
[2026-08-28 19:59:55.883] [5719] [HailoRT] [info] [infer_model.cpp:417] [configure] Configuring network group 'superpoint' with params: batch size: 0, power mode: PERFORMANCE, latency: NONE
[2026-08-28 19:59:55.883] [5719] [HailoRT] [info] [multi_io_elements.cpp:754] [create] Created (AsyncHwEl)
[2026-08-28 19:59:55.883] [5719] [HailoRT] [info] [queue_elements.cpp:450] [create] Created (EntryPushQEl0superpoint/input_layer1 | timeout: 10s)
[2026-08-28 19:59:55.883] [5719] [HailoRT] [info] [queue_elements.cpp:450] [create] Created (PushQEl1AsyncHwEl | timeout: 10s)
[2026-08-28 19:59:55.883] [5719] [HailoRT] [info] [filter_elements.cpp:372] [create] Created (PostInferEl1AsyncHwEl | Quantization - src_type: UINT8, dst_type FLOAT32, limvals_min: -61.1455, limvals_max: 21.3524 | Reorder - src_order: FCR, src_shape: (50, 80, 72), dst_order: FCR, dst_shape: (50, 80, 65))
[2026-08-28 19:59:55.883] [5719] [HailoRT] [info] [edge_elements.cpp:187] [create] Created (LastAsyncEl0PostInferEl1AsyncHwEl)
[2026-08-28 19:59:55.883] [5719] [HailoRT] [info] [queue_elements.cpp:450] [create] Created (PushQEl0AsyncHwEl | timeout: 10s)
[2026-08-28 19:59:55.883] [5719] [HailoRT] [info] [filter_elements.cpp:372] [create] Created (PostInferEl0AsyncHwEl | Quantization - src_type: UINT8, dst_type FLOAT32, limvals_min: -893.941, limvals_max: 782.198)
[2026-08-28 19:59:55.883] [5719] [HailoRT] [info] [edge_elements.cpp:187] [create] Created (LastAsyncEl0PostInferEl0AsyncHwEl)
[2026-08-28 19:59:55.883] [5719] [HailoRT] [info] [pipeline.cpp:891] [print_deep_description] EntryPushQEl0superpoint/input_layer1 | inputs: user | outputs: AsyncHwEl(running in thread_id: 5726)
[2026-08-28 19:59:55.883] [5719] [HailoRT] [info] [pipeline.cpp:891] [print_deep_description] AsyncHwEl | inputs: EntryPushQEl0superpoint/input_layer1[0] | outputs: PushQEl0AsyncHwEl PushQEl1AsyncHwEl
[2026-08-28 19:59:55.883] [5719] [HailoRT] [info] [pipeline.cpp:891] [print_deep_description] PushQEl0AsyncHwEl | inputs: AsyncHwEl[0] | outputs: PostInferEl0AsyncHwEl(running in thread_id: 5728)
[2026-08-28 19:59:55.883] [5719] [HailoRT] [info] [pipeline.cpp:891] [print_deep_description] PostInferEl0AsyncHwEl | inputs: PushQEl0AsyncHwEl[0] | outputs: LastAsyncEl0PostInferEl0AsyncHwEl
[2026-08-28 19:59:55.883] [5719] [HailoRT] [info] [pipeline.cpp:891] [print_deep_description] LastAsyncEl0PostInferEl0AsyncHwEl | inputs: PostInferEl0AsyncHwEl[0] | outputs: user
[2026-08-28 19:59:55.883] [5719] [HailoRT] [info] [pipeline.cpp:891] [print_deep_description] PushQEl1As[2026-08-28 20:00:15.299] [5735] [HailoRT] [info] [vdevice.cpp:535] [create] Creating vdevice with params: device_count: 1, scheduling_algorithm: ROUND_ROBIN, multi_process_service: false
[2026-08-28 20:00:15.311] [5735] [HailoRT] [info] [device.cpp:51] [Device] OS Version: Linux 6.18.34+rpt-rpi-2712 #1 SMP PREEMPT Debian 1:6.18.34-1+rpt1 (2026-06-09) aarch64
[2026-08-28 20:00:15.311] [5735] [HailoRT] [info] [control.cpp:113] [control__parse_identify_results] firmware_version is: 4.23.0
[2026-08-28 20:00:15.311] [5735] [HailoRT] [info] [vdevice.cpp:682] [create] VDevice Infos: 0001:01:00.0
[2026-08-28 20:00:15.313] [5735] [HailoRT] [info] [hef.cpp:1994] [get_network_group_and_network_name] No name was given. Addressing all networks of default network_group: superpoint
[2026-08-28 20:00:15.313] [5735] [HailoRT] [info] [hef.cpp:1994] [get_network_group_and_network_name] No name was given. Addressing all networks of default network_group: superpoint
[2026-08-28 20:00:15.318] [5735] [HailoRT] [info] [internal_buffer_manager.cpp:75] [print_execution_results] Default Internal buffer planner failed to meet requirements
[2026-08-28 20:00:15.318] [5735] [HailoRT] [info] [internal_buffer_manager.cpp:86] [print_execution_results] Default Internal buffer planner executed successfully
[2026-08-28 20:00:15.324] [5735] [HailoRT] [info] [device_internal.cpp:57] [configure] Configuring HEF took 10.429341 milliseconds
[2026-08-28 20:00:15.324] [5735] [HailoRT] [info] [vdevice.cpp:780] [configure] Configuring HEF on VDevice took 10.679191 milliseconds
[2026-08-28 20:00:15.324] [5735] [HailoRT] [info] [infer_model.cpp:417] [configure] Configuring network group 'superpoint' with params: batch size: 0, power mode: PERFORMANCE, latency: NONE
[2026-08-28 20:00:15.324] [5735] [HailoRT] [info] [multi_io_elements.cpp:754] [create] Created (AsyncHwEl)
[2026-08-28 20:00:15.324] [5735] [HailoRT] [info] [queue_elements.cpp:450] [create] Created (EntryPushQEl0superpoint/input_layer1 | timeout: 10s)
[2026-08-28 20:00:15.324] [5735] [HailoRT] [info] [queue_elements.cpp:450] [create] Created (PushQEl1AsyncHwEl | timeout: 10s)
[2026-08-28 20:00:15.324] [5735] [HailoRT] [info] [filter_elements.cpp:372] [create] Created (PostInferEl1AsyncHwEl | Quantization - src_type: UINT8, dst_type FLOAT32, limvals_min: -61.1455, limvals_max: 21.3524 | Reorder - src_order: FCR, src_shape: (50, 80, 72), dst_order: FCR, dst_shape: (50, 80, 65))
[2026-08-28 20:00:15.324] [5735] [HailoRT] [info] [edge_elements.cpp:187] [create] Created (LastAsyncEl0PostInferEl1AsyncHwEl)
[2026-08-28 20:00:15.324] [5735] [HailoRT] [info] [queue_elements.cpp:450] [create] Created (PushQEl0AsyncHwEl | timeout: 10s)
[2026-08-28 20:00:15.324] [5735] [HailoRT] [info] [filter_elements.cpp:372] [create] Created (PostInferEl0AsyncHwEl | Quantization - src_type: UINT8, dst_type FLOAT32, limvals_min: -893.941, limvals_max: 782.198)
[2026-08-28 20:00:15.324] [5735] [HailoRT] [info] [edge_elements.cpp:187] [create] Created (LastAsyncEl0PostInferEl0AsyncHwEl)
[2026-08-28 20:00:15.324] [5735] [HailoRT] [info] [pipeline.cpp:891] [print_deep_description] EntryPushQEl0superpoint/input_layer1 | inputs: user | outputs: AsyncHwEl(running in thread_id: 5742)
[2026-08-28 20:00:15.324] [5735] [HailoRT] [info] [pipeline.cpp:891] [print_deep_description] AsyncHwEl | inputs: EntryPushQEl0superpoint/input_layer1[0] | outputs: PushQEl0AsyncHwEl PushQEl1AsyncHwEl
[2026-08-28 20:00:15.324] [5735] [HailoRT] [info] [pipeline.cpp:891] [print_deep_description] PushQEl0AsyncHwEl | inputs: AsyncHwEl[0] | outputs: PostInferEl0AsyncHwEl(running in thread_id: 5744)
[2026-08-28 20:00:15.324] [5735] [HailoRT] [info] [pipeline.cpp:891] [print_deep_description] PostInferEl0AsyncHwEl | inputs: PushQEl0AsyncHwEl[0] | outputs: LastAsyncEl0PostInferEl0AsyncHwEl
[2026-08-28 20:00:15.324] [5735] [HailoRT] [info] [pipeline.cpp:891] [print_deep_description] LastAsyncEl0PostInferEl0AsyncHwEl | inputs: PostInferEl0AsyncHwEl[0] | outputs: user
[2026-08-28 20:00:15.324] [5735] [HailoRT] [info] [pipeline.cpp:891] [print_deep_description] PushQEl1As[2026-08-28 20:00:24.353] [5751] [HailoRT] [info] [vdevice.cpp:535] [create] Creating vdevice with params: device_count: 1, scheduling_algorithm: ROUND_ROBIN, multi_process_service: false
[2026-08-28 20:00:24.365] [5751] [HailoRT] [info] [device.cpp:51] [Device] OS Version: Linux 6.18.34+rpt-rpi-2712 #1 SMP PREEMPT Debian 1:6.18.34-1+rpt1 (2026-06-09) aarch64
[2026-08-28 20:00:24.365] [5751] [HailoRT] [info] [control.cpp:113] [control__parse_identify_results] firmware_version is: 4.23.0
[2026-08-28 20:00:24.365] [5751] [HailoRT] [info] [vdevice.cpp:682] [create] VDevice Infos: 0001:01:00.0
[2026-08-28 20:00:24.367] [5751] [HailoRT] [info] [hef.cpp:1994] [get_network_group_and_network_name] No name was given. Addressing all networks of default network_group: superpoint
[2026-08-28 20:00:24.367] [5751] [HailoRT] [info] [hef.cpp:1994] [get_network_group_and_network_name] No name was given. Addressing all networks of default network_group: superpoint
[2026-08-28 20:00:24.372] [5751] [HailoRT] [info] [internal_buffer_manager.cpp:75] [print_execution_results] Default Internal buffer planner failed to meet requirements
[2026-08-28 20:00:24.372] [5751] [HailoRT] [info] [internal_buffer_manager.cpp:86] [print_execution_results] Default Internal buffer planner executed successfully
[2026-08-28 20:00:24.378] [5751] [HailoRT] [info] [device_internal.cpp:57] [configure] Configuring HEF took 10.298027 milliseconds
[2026-08-28 20:00:24.378] [5751] [HailoRT] [info] [vdevice.cpp:780] [configure] Configuring HEF on VDevice took 10.553933 milliseconds
[2026-08-28 20:00:24.378] [5751] [HailoRT] [info] [infer_model.cpp:417] [configure] Configuring network group 'superpoint' with params: batch size: 0, power mode: PERFORMANCE, latency: NONE
[2026-08-28 20:00:24.378] [5751] [HailoRT] [info] [multi_io_elements.cpp:754] [create] Created (AsyncHwEl)
[2026-08-28 20:00:24.378] [5751] [HailoRT] [info] [queue_elements.cpp:450] [create] Created (EntryPushQEl0superpoint/input_layer1 | timeout: 10s)
[2026-08-28 20:00:24.378] [5751] [HailoRT] [info] [queue_elements.cpp:450] [create] Created (PushQEl1AsyncHwEl | timeout: 10s)
[2026-08-28 20:00:24.378] [5751] [HailoRT] [info] [filter_elements.cpp:372] [create] Created (PostInferEl1AsyncHwEl | Quantization - src_type: UINT8, dst_type FLOAT32, limvals_min: -61.1455, limvals_max: 21.3524 | Reorder - src_order: FCR, src_shape: (50, 80, 72), dst_order: FCR, dst_shape: (50, 80, 65))
[2026-08-28 20:00:24.378] [5751] [HailoRT] [info] [edge_elements.cpp:187] [create] Created (LastAsyncEl0PostInferEl1AsyncHwEl)
[2026-08-28 20:00:24.378] [5751] [HailoRT] [info] [queue_elements.cpp:450] [create] Created (PushQEl0AsyncHwEl | timeout: 10s)
[2026-08-28 20:00:24.378] [5751] [HailoRT] [info] [filter_elements.cpp:372] [create] Created (PostInferEl0AsyncHwEl | Quantization - src_type: UINT8, dst_type FLOAT32, limvals_min: -893.941, limvals_max: 782.198)
[2026-08-28 20:00:24.378] [5751] [HailoRT] [info] [edge_elements.cpp:187] [create] Created (LastAsyncEl0PostInferEl0AsyncHwEl)
[2026-08-28 20:00:24.378] [5751] [HailoRT] [info] [pipeline.cpp:891] [print_deep_description] EntryPushQEl0superpoint/input_layer1 | inputs: user | outputs: AsyncHwEl(running in thread_id: 5758)
[2026-08-28 20:00:24.378] [5751] [HailoRT] [info] [pipeline.cpp:891] [print_deep_description] AsyncHwEl | inputs: EntryPushQEl0superpoint/input_layer1[0] | outputs: PushQEl0AsyncHwEl PushQEl1AsyncHwEl
[2026-08-28 20:00:24.378] [5751] [HailoRT] [info] [pipeline.cpp:891] [print_deep_description] PushQEl0AsyncHwEl | inputs: AsyncHwEl[0] | outputs: PostInferEl0AsyncHwEl(running in thread_id: 5760)
[2026-08-28 20:00:24.378] [5751] [HailoRT] [info] [pipeline.cpp:891] [print_deep_description] PostInferEl0AsyncHwEl | inputs: PushQEl0AsyncHwEl[0] | outputs: LastAsyncEl0PostInferEl0AsyncHwEl
[2026-08-28 20:00:24.378] [5751] [HailoRT] [info] [pipeline.cpp:891] [print_deep_description] LastAsyncEl0PostInferEl0AsyncHwEl | inputs: PostInferEl0AsyncHwEl[0] | outputs: user
[2026-08-28 20:00:24.378] [5751] [HailoRT] [info] [pipeline.cpp:891] [print_deep_description] PushQEl1AsyncHwEl | inputs: AsyncHwEl[0] | outputs: PostInferEl1AsyncHwEl(running in thread_id: 5759)
[2026-08-28 20:00:24.378] [5751] [HailoRT] [info] [pipeline.cpp:891] [print_deep_description] PostInferEl1AsyncHwEl | inputs: PushQEl1AsyncHwEl[0] | outputs: LastAsyncEl0PostInferEl1AsyncHwEl
[2026-08-28 20:00:24.378] [5751] [HailoRT] [info] [pipeline.cpp:891] [print_deep_description] LastAsyncEl0PostInferEl1AsyncHwEl | inputs: PostInferEl1AsyncHwEl[0] | outputs: user
[2026-08-28 20:00:24.576] [5751] [HailoRT] [info] [async_infer_runner.cpp:86] [shutdown] Pipeline was aborted. Shutting it down
[2026-08-28 20:00:24.577] [5751] [HailoRT] [info] [async_infer_runner.cpp:86] [shutdown] Pipeline was aborted. Shutting it down
[2026-08-28 20:00:24.577] [5751] [HailoRT] [info] [async_infer_runner.cpp:86] [shutdown] Pipeline was aborted. Shutting it down
[2026-08-28 20:00:24.577] [5751] [HailoRT] [info] [queue_elements.cpp:570] [execute_deactivate] enqueue() in element PushQEl0AsyncHwEl was aborted, got status = HAILO_SHUTDOWN_EVENT_SIGNALED(57)
[2026-08-28 20:00:24.577] [5751] [HailoRT] [info] [queue_elements.cpp:570] [execute_deactivate] enqueue() in element PushQEl1AsyncHwEl was aborted, got status = HAILO_SHUTDOWN_EVENT_SIGNALED(57)
[2026-08-28 20:00:24.577] [5751] [HailoRT] [info] [queue_elements.cpp:570] [execute_deactivate] enqueue() in element EntryPushQEl0superpoint/input_layer1 was aborted, got status = HAILO_SHUTDOWN_EVENT_SIGNALED(57)
[2026-08-28 20:00:24.577] [5751] [HailoRT] [info] [queue_elements.cpp:46] [~BaseQueueElement] Queue element EntryPushQEl0superpoint/input_layer1 has 0 frames in his Queue on destruction
[2026-08-28 20:00:24.577] [5751] [HailoRT] [info] [queue_elements.cpp:46] [~BaseQueueElement] Queue element PushQEl1AsyncHwEl has 0 frames in his Queue on destruction
[2026-08-28 20:00:24.577] [5751] [HailoRT] [info] [queue_elements.cpp:46] [~BaseQueueElement] Queue element PushQEl0AsyncHwEl has 0 frames in his Queue on destruction
[2026-08-28 20:01:15.151] [5825] [HailoRT] [info] [vdevice.cpp:535] [create] Creating vdevice with params: device_count: 1, scheduling_algorithm: ROUND_ROBIN, multi_process_service: false
[2026-08-28 20:01:15.163] [5825] [HailoRT] [info] [device.cpp:51] [Device] OS Version: Linux 6.18.34+rpt-rpi-2712 #1 SMP PREEMPT Debian 1:6.18.34-1+rpt1 (2026-06-09) aarch64
[2026-08-28 20:01:15.163] [5825] [HailoRT] [info] [control.cpp:113] [control__parse_identify_results] firmware_version is: 4.23.0
[2026-08-28 20:01:15.163] [5825] [HailoRT] [info] [vdevice.cpp:682] [create] VDevice Infos: 0001:01:00.0
[2026-08-28 20:01:15.165] [5825] [HailoRT] [info] [hef.cpp:1994] [get_network_group_and_network_name] No name was given. Addressing all networks of default network_group: superpoint
[2026-08-28 20:01:15.165] [5825] [HailoRT] [info] [hef.cpp:1994] [get_network_group_and_network_name] No name was given. Addressing all networks of default network_group: superpoint
[2026-08-28 20:01:15.170] [5825] [HailoRT] [info] [internal_buffer_manager.cpp:75] [print_execution_results] Default Internal buffer planner failed to meet requirements
[2026-08-28 20:01:15.170] [5825] [HailoRT] [info] [internal_buffer_manager.cpp:86] [print_execution_results] Default Internal buffer planner executed successfully
[2026-08-28 20:01:15.175] [5825] [HailoRT] [info] [device_internal.cpp:57] [configure] Configuring HEF took 10.403618 milliseconds
[2026-08-28 20:01:15.176] [5825] [HailoRT] [info] [vdevice.cpp:780] [configure] Configuring HEF on VDevice took 10.670117 milliseconds
[2026-08-28 20:01:15.176] [5825] [HailoRT] [info] [infer_model.cpp:417] [configure] Configuring network group 'superpoint' with params: batch size: 0, power mode: PERFORMANCE, latency: NONE
[2026-08-28 20:01:15.176] [5825] [HailoRT] [info] [multi_io_elements.cpp:754] [create] Created (AsyncHwEl)
[2026-08-28 20:01:15.176] [5825] [HailoRT] [info] [queue_elements.cpp:450] [create] Created (EntryPushQEl0superpoint/input_layer1 | timeout: 10s)
[2026-08-28 20:01:15.176] [5825] [HailoRT] [info] [queue_elements.cpp:450] [create] Created (PushQEl1AsyncHwEl | timeout: 10s)
[2026-08-28 20:01:15.176] [5825] [HailoRT] [info] [filter_elements.cpp:372] [create] Created (PostInferEl1AsyncHwEl | Quantization - src_type: UINT8, dst_type FLOAT32, limvals_min: -61.1455, limvals_max: 21.3524 | Reorder - src_order: FCR, src_shape: (50, 80, 72), dst_order: FCR, dst_shape: (50, 80, 65))
[2026-08-28 20:01:15.176] [5825] [HailoRT] [info] [edge_elements.cpp:187] [create] Created (LastAsyncEl0PostInferEl1AsyncHwEl)
[2026-08-28 20:01:15.176] [5825] [HailoRT] [info] [queue_elements.cpp:450] [create] Created (PushQEl0AsyncHwEl | timeout: 10s)
[2026-08-28 20:01:15.176] [5825] [HailoRT] [info] [filter_elements.cpp:372] [create] Created (PostInferEl0AsyncHwEl | Quantization - src_type: UINT8, dst_type FLOAT32, limvals_min: -893.941, limvals_max: 782.198)
[2026-08-28 20:01:15.176] [5825] [HailoRT] [info] [edge_elements.cpp:187] [create] Created (LastAsyncEl0PostInferEl0AsyncHwEl)
[2026-08-28 20:01:15.176] [5825] [HailoRT] [info] [pipeline.cpp:891] [print_deep_description] EntryPushQEl0superpoint/input_layer1 | inputs: user | outputs: AsyncHwEl(running in thread_id: 5847)
[2026-08-28 20:01:15.176] [5825] [HailoRT] [info] [pipeline.cpp:891] [print_deep_description] AsyncHwEl | inputs: EntryPushQEl0superpoint/input_layer1[0] | outputs: PushQEl0AsyncHwEl PushQEl1AsyncHwEl
[2026-08-28 20:01:15.176] [5825] [HailoRT] [info] [pipeline.cpp:891] [print_deep_description] PushQEl0AsyncHwEl | inputs: AsyncHwEl[0] | outputs: PostInferEl0AsyncHwEl(running in thread_id: 5849)
[2026-08-28 20:01:15.176] [5825] [HailoRT] [info] [pipeline.cpp:891] [print_deep_description] PostInferEl0AsyncHwEl | inputs: PushQEl0AsyncHwEl[0] | outputs: LastAsyncEl0PostInferEl0AsyncHwEl
[2026-08-28 20:01:15.176] [5825] [HailoRT] [info] [pipeline.cpp:891] [print_deep_description] LastAsyncEl0PostInferEl0AsyncHwEl | inputs: PostInferEl0AsyncHwEl[0] | outputs: user
[2026-08-28 20:01:15.176] [5825] [HailoRT] [info] [pipeline.cpp:891] [print_deep_description] PushQEl1AsyncHwEl | inputs: AsyncHwEl[0] | outputs: PostInferEl1AsyncHwEl(running in thread_id: 5848)
[2026-08-28 20:01:15.176] [5825] [HailoRT] [info] [pipeline.cpp:891] [print_deep_description] PostInferEl1AsyncHwEl | inputs: PushQEl1AsyncHwEl[0] | outputs: LastAsyncEl0PostInferEl1AsyncHwEl
[2026-08-28 20:01:15.176] [5825] [HailoRT] [info] [pipeline.cpp:891] [print_deep_description] LastAsyncEl0PostInferEl1AsyncHwEl | inputs: PostInferEl1AsyncHwEl[0] | outputs: user
[2026-08-28 20:02:52.438] [5825] [HailoRT] [info] [async_infer_runner.cpp:86] [shutdown] Pipeline was aborted. Shutting it down
[2026-08-28 20:02:52.439] [5825] [HailoRT] [info] [async_infer_runner.cpp:86] [shutdown] Pipeline was aborted. Shutting it down
[2026-08-28 20:02:52.439] [5825] [HailoRT] [info] [async_infer_runner.cpp:86] [shutdown] Pipeline was aborted. Shutting it down
[2026-08-28 20:02:52.439] [5825] [HailoRT] [info] [queue_elements.cpp:570] [execute_deactivate] enqueue() in element PushQEl0AsyncHwEl was aborted, got status = HAILO_SHUTDOWN_EVENT_SIGNALED(57)
[2026-08-28 20:02:52.439] [5825] [HailoRT] [info] [queue_elements.cpp:570] [execute_deactivate] enqueue() in element PushQEl1AsyncHwEl was aborted, got status = HAILO_SHUTDOWN_EVENT_SIGNALED(57)
[2026-08-28 20:02:52.439] [5825] [HailoRT] [info] [queue_elements.cpp:570] [execute_deactivate] enqueue() in element EntryPushQEl0superpoint/input_layer1 was aborted, got status = HAILO_SHUTDOWN_EVENT_SIGNALED(57)
[2026-08-28 20:02:52.439] [5825] [HailoRT] [info] [queue_elements.cpp:46] [~BaseQueueElement] Queue element EntryPushQEl0superpoint/input_layer1 has 0 frames in his Queue on destruction
[2026-08-28 20:02:52.439] [5825] [HailoRT] [info] [queue_elements.cpp:46] [~BaseQueueElement] Queue element PushQEl1AsyncHwEl has 0 frames in his Queue on destruction
[2026-08-28 20:02:52.439] [5825] [HailoRT] [info] [queue_elements.cpp:46] [~BaseQueueElement] Queue element PushQEl0AsyncHwEl has 0 frames in his Queue on destruction
[2026-08-28 20:02:57.348] [5975] [HailoRT] [info] [vdevice.cpp:535] [create] Creating vdevice with params: device_count: 1, scheduling_algorithm: ROUND_ROBIN, multi_process_service: false
[2026-08-28 20:02:57.359] [5975] [HailoRT] [info] [device.cpp:51] [Device] OS Version: Linux 6.18.34+rpt-rpi-2712 #1 SMP PREEMPT Debian 1:6.18.34-1+rpt1 (2026-06-09) aarch64
[2026-08-28 20:02:57.359] [5975] [HailoRT] [info] [control.cpp:113] [control__parse_identify_results] firmware_version is: 4.23.0
[2026-08-28 20:02:57.359] [5975] [HailoRT] [info] [vdevice.cpp:682] [create] VDevice Infos: 0001:01:00.0
[2026-08-28 20:02:57.361] [5975] [HailoRT] [info] [hef.cpp:1994] [get_network_group_and_network_name] No name was given. Addressing all networks of default network_group: superpoint
[2026-08-28 20:02:57.361] [5975] [HailoRT] [info] [hef.cpp:1994] [get_network_group_and_network_name] No name was given. Addressing all networks of default network_group: superpoint
[2026-08-28 20:02:57.366] [5975] [HailoRT] [info] [internal_buffer_manager.cpp:75] [print_execution_results] Default Internal buffer planner failed to meet requirements
[2026-08-28 20:02:57.366] [5975] [HailoRT] [info] [internal_buffer_manager.cpp:86] [print_execution_results] Default Internal buffer planner executed successfully
[2026-08-28 20:02:57.372] [5975] [HailoRT] [info] [device_internal.cpp:57] [configure] Configuring HEF took 10.364617 milliseconds
[2026-08-28 20:02:57.372] [5975] [HailoRT] [info] [vdevice.cpp:780] [configure] Configuring HEF on VDevice took 10.619838 milliseconds
[2026-08-28 20:02:57.372] [5975] [HailoRT] [info] [infer_model.cpp:417] [configure] Configuring network group 'superpoint' with params: batch size: 0, power mode: PERFORMANCE, latency: NONE
[2026-08-28 20:02:57.372] [5975] [HailoRT] [info] [multi_io_elements.cpp:754] [create] Created (AsyncHwEl)
[2026-08-28 20:02:57.372] [5975] [HailoRT] [info] [queue_elements.cpp:450] [create] Created (EntryPushQEl0superpoint/input_layer1 | timeout: 10s)
[2026-08-28 20:02:57.372] [5975] [HailoRT] [info] [queue_elements.cpp:450] [create] Created (PushQEl1AsyncHwEl | timeout: 10s)
[2026-08-28 20:02:57.372] [5975] [HailoRT] [info] [filter_elements.cpp:372] [create] Created (PostInferEl1AsyncHwEl | Quantization - src_type: UINT8, dst_type FLOAT32, limvals_min: -61.1455, limvals_max: 21.3524 | Reorder - src_order: FCR, src_shape: (50, 80, 72), dst_order: FCR, dst_shape: (50, 80, 65))
[2026-08-28 20:02:57.372] [5975] [HailoRT] [info] [edge_elements.cpp:187] [create] Created (LastAsyncEl0PostInferEl1AsyncHwEl)
[2026-08-28 20:02:57.372] [5975] [HailoRT] [info] [queue_elements.cpp:450] [create] Created (PushQEl0AsyncHwEl | timeout: 10s)
[2026-08-28 20:02:57.372] [5975] [HailoRT] [info] [filter_elements.cpp:372] [create] Created (PostInferEl0AsyncHwEl | Quantization - src_type: UINT8, dst_type FLOAT32, limvals_min: -893.941, limvals_max: 782.198)
[2026-08-28 20:02:57.372] [5975] [HailoRT] [info] [edge_elements.cpp:187] [create] Created (LastAsyncEl0PostInferEl0AsyncHwEl)
[2026-08-28 20:02:57.372] [5975] [HailoRT] [info] [pipeline.cpp:891] [print_deep_description] EntryPushQEl0superpoint/input_layer1 | inputs: user | outputs: AsyncHwEl(running in thread_id: 5997)
[2026-08-28 20:02:57.372] [5975] [HailoRT] [info] [pipeline.cpp:891] [print_deep_description] AsyncHwEl | inputs: EntryPushQEl0superpoint/input_layer1[0] | outputs: PushQEl0AsyncHwEl PushQEl1AsyncHwEl
[2026-08-28 20:02:57.372] [5975] [HailoRT] [info] [pipeline.cpp:891] [print_deep_description] PushQEl0AsyncHwEl | inputs: AsyncHwEl[0] | outputs: PostInferEl0AsyncHwEl(running in thread_id: 5999)
[2026-08-28 20:02:57.372] [5975] [HailoRT] [info] [pipeline.cpp:891] [print_deep_description] PostInferEl0AsyncHwEl | inputs: PushQEl0AsyncHwEl[0] | outputs: LastAsyncEl0PostInferEl0AsyncHwEl
[2026-08-28 20:02:57.372] [5975] [HailoRT] [info] [pipeline.cpp:891] [print_deep_description] LastAsyncEl0PostInferEl0AsyncHwEl | inputs: PostInferEl0AsyncHwEl[0] | outputs: user
[2026-08-28 20:02:57.372] [5975] [HailoRT] [info] [pipeline.cpp:891] [print_deep_description] PushQEl1AsyncHwEl | inputs: AsyncHwEl[0] | outputs: PostInferEl1AsyncHwEl(running in thread_id: 5998)
[2026-08-28 20:02:57.372] [5975] [HailoRT] [info] [pipeline.cpp:891] [print_deep_description] PostInferEl1AsyncHwEl | inputs: PushQEl1AsyncHwEl[0] | outputs: LastAsyncEl0PostInferEl1AsyncHwEl
[2026-08-28 20:02:57.372] [5975] [HailoRT] [info] [pipeline.cpp:891] [print_deep_description] LastAsyncEl0PostInferEl1AsyncHwEl | inputs: PostInferEl1AsyncHwEl[0] | outputs: user
[2026-08-28 20:03:48.717] [5975] [HailoRT] [info] [async_infer_runner.cpp:86] [shutdown] Pipeline was aborted. Shutting it down
[2026-08-28 20:03:48.717] [5975] [HailoRT] [info] [async_infer_runner.cpp:86] [shutdown] Pipeline was aborted. Shutting it down
[2026-08-28 20:03:48.717] [5975] [HailoRT] [info] [async_infer_runner.cpp:86] [shutdown] Pipeline was aborted. Shutting it down
[2026-08-28 20:03:48.717] [5975] [HailoRT] [info] [queue_elements.cpp:570] [execute_deactivate] enqueue() in element PushQEl0AsyncHwEl was aborted, got status = HAILO_SHUTDOWN_EVENT_SIGNALED(57)
[2026-08-28 20:03:48.717] [5975] [HailoRT] [info] [queue_elements.cpp:570] [execute_deactivate] enqueue() in element PushQEl1AsyncHwEl was aborted, got status = HAILO_SHUTDOWN_EVENT_SIGNALED(57)
[2026-08-28 20:03:48.717] [5975] [HailoRT] [info] [queue_elements.cpp:570] [execute_deactivate] enqueue() in element EntryPushQEl0superpoint/input_layer1 was aborted, got status = HAILO_SHUTDOWN_EVENT_SIGNALED(57)
[2026-08-28 20:03:48.717] [5975] [HailoRT] [info] [queue_elements.cpp:46] [~BaseQueueElement] Queue element EntryPushQEl0superpoint/input_layer1 has 0 frames in his Queue on destruction
[2026-08-28 20:03:48.717] [5975] [HailoRT] [info] [queue_elements.cpp:46] [~BaseQueueElement] Queue element PushQEl1AsyncHwEl has 0 frames in his Queue on destruction
[2026-08-28 20:03:48.717] [5975] [HailoRT] [info] [queue_elements.cpp:46] [~BaseQueueElement] Queue element PushQEl0AsyncHwEl has 0 frames in his Queue on destruction
[2026-08-28 20:03:53.627] [6100] [HailoRT] [info] [vdevice.cpp:535] [create] Creating vdevice with params: device_count: 1, scheduling_algorithm: ROUND_ROBIN, multi_process_service: false
[2026-08-28 20:03:53.639] [6100] [HailoRT] [info] [device.cpp:51] [Device] OS Version: Linux 6.18.34+rpt-rpi-2712 #1 SMP PREEMPT Debian 1:6.18.34-1+rpt1 (2026-06-09) aarch64
[2026-08-28 20:03:53.639] [6100] [HailoRT] [info] [control.cpp:113] [control__parse_identify_results] firmware_version is: 4.23.0
[2026-08-28 20:03:53.639] [6100] [HailoRT] [info] [vdevice.cpp:682] [create] VDevice Infos: 0001:01:00.0
[2026-08-28 20:03:53.641] [6100] [HailoRT] [info] [hef.cpp:1994] [get_network_group_and_network_name] No name was given. Addressing all networks of default network_group: superpoint
[2026-08-28 20:03:53.641] [6100] [HailoRT] [info] [hef.cpp:1994] [get_network_group_and_network_name] No name was given. Addressing all networks of default network_group: superpoint
[2026-08-28 20:03:53.646] [6100] [HailoRT] [info] [internal_buffer_manager.cpp:75] [print_execution_results] Default Internal buffer planner failed to meet requirements
[2026-08-28 20:03:53.646] [6100] [HailoRT] [info] [internal_buffer_manager.cpp:86] [print_execution_results] Default Internal buffer planner executed successfully
[2026-08-28 20:03:53.651] [6100] [HailoRT] [info] [device_internal.cpp:57] [configure] Configuring HEF took 10.380283 milliseconds
[2026-08-28 20:03:53.652] [6100] [HailoRT] [info] [vdevice.cpp:780] [configure] Configuring HEF on VDevice took 10.639021 milliseconds
[2026-08-28 20:03:53.652] [6100] [HailoRT] [info] [infer_model.cpp:417] [configure] Configuring network group 'superpoint' with params: batch size: 0, power mode: PERFORMANCE, latency: NONE
[2026-08-28 20:03:53.652] [6100] [HailoRT] [info] [multi_io_elements.cpp:754] [create] Created (AsyncHwEl)
[2026-08-28 20:03:53.652] [6100] [HailoRT] [info] [queue_elements.cpp:450] [create] Created (EntryPushQEl0superpoint/input_layer1 | timeout: 10s)
[2026-08-28 20:03:53.652] [6100] [HailoRT] [info] [queue_elements.cpp:450] [create] Created (PushQEl1AsyncHwEl | timeout: 10s)
[2026-08-28 20:03:53.652] [6100] [HailoRT] [info] [filter_elements.cpp:372] [create] Created (PostInferEl1AsyncHwEl | Quantization - src_type: UINT8, dst_type FLOAT32, limvals_min: -61.1455, limvals_max: 21.3524 | Reorder - src_order: FCR, src_shape: (50, 80, 72), dst_order: FCR, dst_shape: (50, 80, 65))
[2026-08-28 20:03:53.652] [6100] [HailoRT] [info] [edge_elements.cpp:187] [create] Created (LastAsyncEl0PostInferEl1AsyncHwEl)
[2026-08-28 20:03:53.652] [6100] [HailoRT] [info] [queue_elements.cpp:450] [create] Created (PushQEl0AsyncHwEl | timeout: 10s)
[2026-08-28 20:03:53.652] [6100] [HailoRT] [info] [filter_elements.cpp:372] [create] Created (PostInferEl0AsyncHwEl | Quantization - src_type: UINT8, dst_type FLOAT32, limvals_min: -893.941, limvals_max: 782.198)
[2026-08-28 20:03:53.652] [6100] [HailoRT] [info] [edge_elements.cpp:187] [create] Created (LastAsyncEl0PostInferEl0AsyncHwEl)
[2026-08-28 20:03:53.652] [6100] [HailoRT] [info] [pipeline.cpp:891] [print_deep_description] EntryPushQEl0superpoint/input_layer1 | inputs: user | outputs: AsyncHwEl(running in thread_id: 6122)
[2026-08-28 20:03:53.652] [6100] [HailoRT] [info] [pipeline.cpp:891] [print_deep_description] AsyncHwEl | inputs: EntryPushQEl0superpoint/input_layer1[0] | outputs: PushQEl0AsyncHwEl PushQEl1AsyncHwEl
[2026-08-28 20:03:53.652] [6100] [HailoRT] [info] [pipeline.cpp:891] [print_deep_description] PushQEl0AsyncHwEl | inputs: AsyncHwEl[0] | outputs: PostInferEl0AsyncHwEl(running in thread_id: 6124)
[2026-08-28 20:03:53.652] [6100] [HailoRT] [info] [pipeline.cpp:891] [print_deep_description] PostInferEl0AsyncHwEl | inputs: PushQEl0AsyncHwEl[0] | outputs: LastAsyncEl0PostInferEl0AsyncHwEl
[2026-08-28 20:03:53.652] [6100] [HailoRT] [info] [pipeline.cpp:891] [print_deep_description] LastAsyncEl0PostInferEl0AsyncHwEl | inputs: PostInferEl0AsyncHwEl[0] | outputs: user
[2026-08-28 20:03:53.652] [6100] [HailoRT] [info] [pipeline.cpp:891] [print_deep_description] PushQEl1AsyncHwEl | inputs: AsyncHwEl[0] | outputs: PostInferEl1AsyncHwEl(running in thread_id: 6123)
[2026-08-28 20:03:53.652] [6100] [HailoRT] [info] [pipeline.cpp:891] [print_deep_description] PostInferEl1AsyncHwEl | inputs: PushQEl1AsyncHwEl[0] | outputs: LastAsyncEl0PostInferEl1AsyncHwEl
[2026-08-28 20:03:53.652] [6100] [HailoRT] [info] [pipeline.cpp:891] [print_deep_description] LastAsyncEl0PostInferEl1AsyncHwEl | inputs: PostInferEl1AsyncHwEl[0] | outputs: user
[2026-08-28 20:06:44.174] [6100] [HailoRT] [info] [async_infer_runner.cpp:86] [shutdown] Pipeline was aborted. Shutting it down
[2026-08-28 20:06:44.175] [6100] [HailoRT] [info] [async_infer_runner.cpp:86] [shutdown] Pipeline was aborted. Shutting it down
[2026-08-28 20:06:44.175] [6100] [HailoRT] [info] [async_infer_runner.cpp:86] [shutdown] Pipeline was aborted. Shutting it down
[2026-08-28 20:06:44.175] [6100] [HailoRT] [info] [queue_elements.cpp:570] [execute_deactivate] enqueue() in element PushQEl0AsyncHwEl was aborted, got status = HAILO_SHUTDOWN_EVENT_SIGNALED(57)
[2026-08-28 20:06:44.175] [6100] [HailoRT] [info] [queue_elements.cpp:570] [execute_deactivate] enqueue() in element PushQEl1AsyncHwEl was aborted, got status = HAILO_SHUTDOWN_EVENT_SIGNALED(57)
[2026-08-28 20:06:44.175] [6100] [HailoRT] [info] [queue_elements.cpp:570] [execute_deactivate] enqueue() in element EntryPushQEl0superpoint/input_layer1 was aborted, got status = HAILO_SHUTDOWN_EVENT_SIGNALED(57)
[2026-08-28 20:06:44.175] [6100] [HailoRT] [info] [queue_elements.cpp:46] [~BaseQueueElement] Queue element EntryPushQEl0superpoint/input_layer1 has 0 frames in his Queue on destruction
[2026-08-28 20:06:44.175] [6100] [HailoRT] [info] [queue_elements.cpp:46] [~BaseQueueElement] Queue element PushQEl1AsyncHwEl has 0 frames in his Queue on destruction
[2026-08-28 20:06:44.175] [6100] [HailoRT] [info] [queue_elements.cpp:46] [~BaseQueueElement] Queue element PushQEl0AsyncHwEl has 0 frames in his Queue on destruction
[2026-08-28 20:06:49.540] [6402] [HailoRT] [info] [vdevice.cpp:535] [create] Creating vdevice with params: device_count: 1, scheduling_algorithm: ROUND_ROBIN, multi_process_service: false
[2026-08-28 20:06:49.551] [6402] [HailoRT] [info] [device.cpp:51] [Device] OS Version: Linux 6.18.34+rpt-rpi-2712 #1 SMP PREEMPT Debian 1:6.18.34-1+rpt1 (2026-06-09) aarch64
[2026-08-28 20:06:49.551] [6402] [HailoRT] [info] [control.cpp:113] [control__parse_identify_results] firmware_version is: 4.23.0
[2026-08-28 20:06:49.551] [6402] [HailoRT] [info] [vdevice.cpp:682] [create] VDevice Infos: 0001:01:00.0
[2026-08-28 20:06:49.553] [6402] [HailoRT] [info] [hef.cpp:1994] [get_network_group_and_network_name] No name was given. Addressing all networks of default network_group: superpoint
[2026-08-28 20:06:49.553] [6402] [HailoRT] [info] [hef.cpp:1994] [get_network_group_and_network_name] No name was given. Addressing all networks of default network_group: superpoint
[2026-08-28 20:06:49.558] [6402] [HailoRT] [info] [internal_buffer_manager.cpp:75] [print_execution_results] Default Internal buffer planner failed to meet requirements
[2026-08-28 20:06:49.558] [6402] [HailoRT] [info] [internal_buffer_manager.cpp:86] [print_execution_results] Default Internal buffer planner executed successfully
[2026-08-28 20:06:49.563] [6402] [HailoRT] [info] [device_internal.cpp:57] [configure] Configuring HEF took 10.285819 milliseconds
[2026-08-28 20:06:49.563] [6402] [HailoRT] [info] [vdevice.cpp:780] [configure] Configuring HEF on VDevice took 10.544243 milliseconds
[2026-08-28 20:06:49.563] [6402] [HailoRT] [info] [infer_model.cpp:417] [configure] Configuring network group 'superpoint' with params: batch size: 0, power mode: PERFORMANCE, latency: NONE
[2026-08-28 20:06:49.563] [6402] [HailoRT] [info] [multi_io_elements.cpp:754] [create] Created (AsyncHwEl)
[2026-08-28 20:06:49.564] [6402] [HailoRT] [info] [queue_elements.cpp:450] [create] Created (EntryPushQEl0superpoint/input_layer1 | timeout: 10s)
[2026-08-28 20:06:49.564] [6402] [HailoRT] [info] [queue_elements.cpp:450] [create] Created (PushQEl1AsyncHwEl | timeout: 10s)
[2026-08-28 20:06:49.564] [6402] [HailoRT] [info] [filter_elements.cpp:372] [create] Created (PostInferEl1AsyncHwEl | Quantization - src_type: UINT8, dst_type FLOAT32, limvals_min: -61.1455, limvals_max: 21.3524 | Reorder - src_order: FCR, src_shape: (50, 80, 72), dst_order: FCR, dst_shape: (50, 80, 65))
[2026-08-28 20:06:49.564] [6402] [HailoRT] [info] [edge_elements.cpp:187] [create] Created (LastAsyncEl0PostInferEl1AsyncHwEl)
[2026-08-28 20:06:49.564] [6402] [HailoRT] [info] [queue_elements.cpp:450] [create] Created (PushQEl0AsyncHwEl | timeout: 10s)
[2026-08-28 20:06:49.564] [6402] [HailoRT] [info] [filter_elements.cpp:372] [create] Created (PostInferEl0AsyncHwEl | Quantization - src_type: UINT8, dst_type FLOAT32, limvals_min: -893.941, limvals_max: 782.198)
[2026-08-28 20:06:49.564] [6402] [HailoRT] [info] [edge_elements.cpp:187] [create] Created (LastAsyncEl0PostInferEl0AsyncHwEl)
[2026-08-28 20:06:49.564] [6402] [HailoRT] [info] [pipeline.cpp:891] [print_deep_description] EntryPushQEl0superpoint/input_layer1 | inputs: user | outputs: AsyncHwEl(running in thread_id: 6446)
[2026-08-28 20:06:49.564] [6402] [HailoRT] [info] [pipeline.cpp:891] [print_deep_description] AsyncHwEl | inputs: EntryPushQEl0superpoint/input_layer1[0] | outputs: PushQEl0AsyncHwEl PushQEl1AsyncHwEl
[2026-08-28 20:06:49.564] [6402] [HailoRT] [info] [pipeline.cpp:891] [print_deep_description] PushQEl0AsyncHwEl | inputs: AsyncHwEl[0] | outputs: PostInferEl0AsyncHwEl(running in thread_id: 6448)
[2026-08-28 20:06:49.564] [6402] [HailoRT] [info] [pipeline.cpp:891] [print_deep_description] PostInferEl0AsyncHwEl | inputs: PushQEl0AsyncHwEl[0] | outputs: LastAsyncEl0PostInferEl0AsyncHwEl
[2026-08-28 20:06:49.564] [6402] [HailoRT] [info] [pipeline.cpp:891] [print_deep_description] LastAsyncEl0PostInferEl0AsyncHwEl | inputs: PostInferEl0AsyncHwEl[0] | outputs: user
[2026-08-28 20:06:49.564] [6402] [HailoRT] [info] [pipeline.cpp:891] [print_deep_description] PushQEl1AsyncHwEl | inputs: AsyncHwEl[0] | outputs: PostInferEl1AsyncHwEl(running in thread_id: 6447)
[2026-08-28 20:06:49.564] [6402] [HailoRT] [info] [pipeline.cpp:891] [print_deep_description] PostInferEl1AsyncHwEl | inputs: PushQEl1AsyncHwEl[0] | outputs: LastAsyncEl0PostInferEl1AsyncHwEl
[2026-08-28 20:06:49.564] [6402] [HailoRT] [info] [pipeline.cpp:891] [print_deep_description] LastAsyncEl0PostInferEl1AsyncHwEl | inputs: PostInferEl1AsyncHwEl[0] | outputs: user
[2026-08-28 20:08:31.719] [6563] [HailoRT] [info] [vdevice.cpp:535] [create] Creating vdevice with params: device_count: 1, scheduling_algorithm: ROUND_ROBIN, multi_process_service: false
[2026-08-28 20:08:31.731] [6563] [HailoRT] [info] [device.cpp:51] [Device] OS Version: Linux 6.18.34+rpt-rpi-2712 #1 SMP PREEMPT Debian 1:6.18.34-1+rpt1 (2026-06-09) aarch64
[2026-08-28 20:08:31.731] [6563] [HailoRT] [info] [control.cpp:113] [control__parse_identify_results] firmware_version is: 4.23.0
[2026-08-28 20:08:31.731] [6563] [HailoRT] [info] [vdevice.cpp:682] [create] VDevice Infos: 0001:01:00.0
[2026-08-28 20:08:31.733] [6563] [HailoRT] [info] [hef.cpp:1994] [get_network_group_and_network_name] No name was given. Addressing all networks of default network_group: superpoint
[2026-08-28 20:08:31.733] [6563] [HailoRT] [info] [hef.cpp:1994] [get_network_group_and_network_name] No name was given. Addressing all networks of default network_group: superpoint
[2026-08-28 20:08:31.738] [6563] [HailoRT] [info] [internal_buffer_manager.cpp:75] [print_execution_results] Default Internal buffer planner failed to meet requirements
[2026-08-28 20:08:31.738] [6563] [HailoRT] [info] [internal_buffer_manager.cpp:86] [print_execution_results] Default Internal buffer planner executed successfully
[2026-08-28 20:08:31.743] [6563] [HailoRT] [info] [device_internal.cpp:57] [configure] Configuring HEF took 10.287651 milliseconds
[2026-08-28 20:08:31.743] [6563] [HailoRT] [info] [vdevice.cpp:780] [configure] Configuring HEF on VDevice took 10.546798 milliseconds
[2026-08-28 20:08:31.743] [6563] [HailoRT] [info] [infer_model.cpp:417] [configure] Configuring network group 'superpoint' with params: batch size: 0, power mode: PERFORMANCE, latency: NONE
[2026-08-28 20:08:31.743] [6563] [HailoRT] [info] [multi_io_elements.cpp:754] [create] Created (AsyncHwEl)
[2026-08-28 20:08:31.744] [6563] [HailoRT] [info] [queue_elements.cpp:450] [create] Created (EntryPushQEl0superpoint/input_layer1 | timeout: 10s)
[2026-08-28 20:08:31.744] [6563] [HailoRT] [info] [queue_elements.cpp:450] [create] Created (PushQEl1AsyncHwEl | timeout: 10s)
[2026-08-28 20:08:31.744] [6563] [HailoRT] [info] [filter_elements.cpp:372] [create] Created (PostInferEl1AsyncHwEl | Quantization - src_type: UINT8, dst_type FLOAT32, limvals_min: -61.1455, limvals_max: 21.3524 | Reorder - src_order: FCR, src_shape: (50, 80, 72), dst_order: FCR, dst_shape: (50, 80, 65))
[2026-08-28 20:08:31.744] [6563] [HailoRT] [info] [edge_elements.cpp:187] [create] Created (LastAsyncEl0PostInferEl1AsyncHwEl)
[2026-08-28 20:08:31.744] [6563] [HailoRT] [info] [queue_elements.cpp:450] [create] Created (PushQEl0AsyncHwEl | timeout: 10s)
[2026-08-28 20:08:31.744] [6563] [HailoRT] [info] [filter_elements.cpp:372] [create] Created (PostInferEl0AsyncHwEl | Quantization - src_type: UINT8, dst_type FLOAT32, limvals_min: -893.941, limvals_max: 782.198)
[2026-08-28 20:08:31.744] [6563] [HailoRT] [info] [edge_elements.cpp:187] [create] Created (LastAsyncEl0PostInferEl0AsyncHwEl)
[2026-08-28 20:08:31.744] [6563] [HailoRT] [info] [pipeline.cpp:891] [print_deep_description] EntryPushQEl0superpoint/input_layer1 | inputs: user | outputs: AsyncHwEl(running in thread_id: 6585)
[2026-08-28 20:08:31.744] [6563] [HailoRT] [info] [pipeline.cpp:891] [print_deep_description] AsyncHwEl | inputs: EntryPushQEl0superpoint/input_layer1[0] | outputs: PushQEl0AsyncHwEl PushQEl1AsyncHwEl
[2026-08-28 20:08:31.744] [6563] [HailoRT] [info] [pipeline.cpp:891] [print_deep_description] PushQEl0AsyncHwEl | inputs: AsyncHwEl[0] | outputs: PostInferEl0AsyncHwEl(running in thread_id: 6587)
[2026-08-28 20:08:31.744] [6563] [HailoRT] [info] [pipeline.cpp:891] [print_deep_description] PostInferEl0AsyncHwEl | inputs: PushQEl0AsyncHwEl[0] | outputs: LastAsyncEl0PostInferEl0AsyncHwEl
[2026-08-28 20:08:31.744] [6563] [HailoRT] [info] [pipeline.cpp:891] [print_deep_description] LastAsyncEl0PostInferEl0AsyncHwEl | inputs: PostInferEl0AsyncHwEl[0] | outputs: user
[2026-08-28 20:08:31.744] [6563] [HailoRT] [info] [pipeline.cpp:891] [print_deep_description] PushQEl1AsyncHwEl | inputs: AsyncHwEl[0] | outputs: PostInferEl1AsyncHwEl(running in thread_id: 6586)
[2026-08-28 20:08:31.744] [6563] [HailoRT] [info] [pipeline.cpp:891] [print_deep_description] PostInferEl1AsyncHwEl | inputs: PushQEl1AsyncHwEl[0] | outputs: LastAsyncEl0PostInferEl1AsyncHwEl
[2026-08-28 20:08:31.744] [6563] [HailoRT] [info] [pipeline.cpp:891] [print_deep_description] LastAsyncEl0PostInferEl1AsyncHwEl | inputs: PostInferEl1AsyncHwEl[0] | outputs: user
[2026-08-28 20:24:22.995] [6563] [HailoRT] [info] [async_infer_runner.cpp:86] [shutdown] Pipeline was aborted. Shutting it down
[2026-08-28 20:24:22.995] [6563] [HailoRT] [info] [async_infer_runner.cpp:86] [shutdown] Pipeline was aborted. Shutting it down
[2026-08-28 20:24:22.996] [6563] [HailoRT] [info] [async_infer_runner.cpp:86] [shutdown] Pipeline was aborted. Shutting it down
[2026-08-28 20:24:22.996] [6563] [HailoRT] [info] [queue_elements.cpp:570] [execute_deactivate] enqueue() in element PushQEl0AsyncHwEl was aborted, got status = HAILO_SHUTDOWN_EVENT_SIGNALED(57)
[2026-08-28 20:24:22.996] [6563] [HailoRT] [info] [queue_elements.cpp:570] [execute_deactivate] enqueue() in element PushQEl1AsyncHwEl was aborted, got status = HAILO_SHUTDOWN_EVENT_SIGNALED(57)
[2026-08-28 20:24:22.996] [6563] [HailoRT] [info] [queue_elements.cpp:570] [execute_deactivate] enqueue() in element EntryPushQEl0superpoint/input_layer1 was aborted, got status = HAILO_SHUTDOWN_EVENT_SIGNALED(57)
[2026-08-28 20:24:22.996] [6563] [HailoRT] [info] [queue_elements.cpp:46] [~BaseQueueElement] Queue element EntryPushQEl0superpoint/input_layer1 has 0 frames in his Queue on destruction
[2026-08-28 20:24:22.996] [6563] [HailoRT] [info] [queue_elements.cpp:46] [~BaseQueueElement] Queue element PushQEl1AsyncHwEl has 0 frames in his Queue on destruction
[2026-08-28 20:24:22.996] [6563] [HailoRT] [info] [queue_elements.cpp:46] [~BaseQueueElement] Queue element PushQEl0AsyncHwEl has 0 frames in his Queue on destruction
[2026-08-28 20:24:25.385] [8544] [HailoRT] [info] [vdevice.cpp:535] [create] Creating vdevice with params: device_count: 1, scheduling_algorithm: ROUND_ROBIN, multi_process_service: false
[2026-08-28 20:24:25.397] [8544] [HailoRT] [info] [device.cpp:51] [Device] OS Version: Linux 6.18.34+rpt-rpi-2712 #1 SMP PREEMPT Debian 1:6.18.34-1+rpt1 (2026-06-09) aarch64
[2026-08-28 20:24:25.397] [8544] [HailoRT] [info] [control.cpp:113] [control__parse_identify_results] firmware_version is: 4.23.0
[2026-08-28 20:24:25.397] [8544] [HailoRT] [info] [vdevice.cpp:682] [create] VDevice Infos: 0001:01:00.0
[2026-08-28 20:24:25.399] [8544] [HailoRT] [info] [hef.cpp:1994] [get_network_group_and_network_name] No name was given. Addressing all networks of default network_group: superpoint
[2026-08-28 20:24:25.399] [8544] [HailoRT] [info] [hef.cpp:1994] [get_network_group_and_network_name] No name was given. Addressing all networks of default network_group: superpoint
[2026-08-28 20:24:25.405] [8544] [HailoRT] [info] [internal_buffer_manager.cpp:75] [print_execution_results] Default Internal buffer planner failed to meet requirements
[2026-08-28 20:24:25.405] [8544] [HailoRT] [info] [internal_buffer_manager.cpp:86] [print_execution_results] Default Internal buffer planner executed successfully
[2026-08-28 20:24:25.410] [8544] [HailoRT] [info] [device_internal.cpp:57] [configure] Configuring HEF took 10.504388 milliseconds
[2026-08-28 20:24:25.410] [8544] [HailoRT] [info] [vdevice.cpp:780] [configure] Configuring HEF on VDevice took 10.771107 milliseconds
[2026-08-28 20:24:25.410] [8544] [HailoRT] [info] [infer_model.cpp:417] [configure] Configuring network group 'superpoint' with params: batch size: 0, power mode: PERFORMANCE, latency: NONE
[2026-08-28 20:24:25.410] [8544] [HailoRT] [info] [multi_io_elements.cpp:754] [create] Created (AsyncHwEl)
[2026-08-28 20:24:25.410] [8544] [HailoRT] [info] [queue_elements.cpp:450] [create] Created (EntryPushQEl0superpoint/input_layer1 | timeout: 10s)
[2026-08-28 20:24:25.411] [8544] [HailoRT] [info] [queue_elements.cpp:450] [create] Created (PushQEl1AsyncHwEl | timeout: 10s)
[2026-08-28 20:24:25.411] [8544] [HailoRT] [info] [filter_elements.cpp:372] [create] Created (PostInferEl1AsyncHwEl | Quantization - src_type: UINT8, dst_type FLOAT32, limvals_min: -61.1455, limvals_max: 21.3524 | Reorder - src_order: FCR, src_shape: (50, 80, 72), dst_order: FCR, dst_shape: (50, 80, 65))
[2026-08-28 20:24:25.411] [8544] [HailoRT] [info] [edge_elements.cpp:187] [create] Created (LastAsyncEl0PostInferEl1AsyncHwEl)
[2026-08-28 20:24:25.411] [8544] [HailoRT] [info] [queue_elements.cpp:450] [create] Created (PushQEl0AsyncHwEl | timeout: 10s)
[2026-08-28 20:24:25.411] [8544] [HailoRT] [info] [filter_elements.cpp:372] [create] Created (PostInferEl0AsyncHwEl | Quantization - src_type: UINT8, dst_type FLOAT32, limvals_min: -893.941, limvals_max: 782.198)
[2026-08-28 20:24:25.411] [8544] [HailoRT] [info] [edge_elements.cpp:187] [create] Created (LastAsyncEl0PostInferEl0AsyncHwEl)
[2026-08-28 20:24:25.411] [8544] [HailoRT] [info] [pipeline.cpp:891] [print_deep_description] EntryPushQEl0superpoint/input_layer1 | inputs: user | outputs: AsyncHwEl(running in thread_id: 8567)
[2026-08-28 20:24:25.411] [8544] [HailoRT] [info] [pipeline.cpp:891] [print_deep_description] AsyncHwEl | inputs: EntryPushQEl0superpoint/input_layer1[0] | outputs: PushQEl0AsyncHwEl PushQEl1AsyncHwEl
[2026-08-28 20:24:25.411] [8544] [HailoRT] [info] [pipeline.cpp:891] [print_deep_description] PushQEl0AsyncHwEl | inputs: AsyncHwEl[0] | outputs: PostInferEl0AsyncHwEl(running in thread_id: 8569)
[2026-08-28 20:24:25.411] [8544] [HailoRT] [info] [pipeline.cpp:891] [print_deep_description] PostInferEl0AsyncHwEl | inputs: PushQEl0AsyncHwEl[0] | outputs: LastAsyncEl0PostInferEl0AsyncHwEl
[2026-08-28 20:24:25.411] [8544] [HailoRT] [info] [pipeline.cpp:891] [print_deep_description] LastAsyncEl0PostInferEl0AsyncHwEl | inputs: PostInferEl0AsyncHwEl[0] | outputs: user
[2026-08-28 20:24:25.411] [8544] [HailoRT] [info] [pipeline.cpp:891] [print_deep_description] PushQEl1AsyncHwEl | inputs: AsyncHwEl[0] | outputs: PostInferEl1AsyncHwEl(running in thread_id: 8568)
[2026-08-28 20:24:25.411] [8544] [HailoRT] [info] [pipeline.cpp:891] [print_deep_description] PostInferEl1AsyncHwEl | inputs: PushQEl1AsyncHwEl[0] | outputs: LastAsyncEl0PostInferEl1AsyncHwEl
[2026-08-28 20:24:25.411] [8544] [HailoRT] [info] [pipeline.cpp:891] [print_deep_description] LastAsyncEl0PostInferEl1AsyncHwEl | inputs: PostInferEl1AsyncHwEl[0] | outputs: user
[2026-08-28 20:27:33.790] [8544] [HailoRT] [info] [async_infer_runner.cpp:86] [shutdown] Pipeline was aborted. Shutting it down
[2026-08-28 20:27:33.790] [8544] [HailoRT] [info] [async_infer_runner.cpp:86] [shutdown] Pipeline was aborted. Shutting it down
[2026-08-28 20:27:33.790] [8544] [HailoRT] [info] [async_infer_runner.cpp:86] [shutdown] Pipeline was aborted. Shutting it down
[2026-08-28 20:27:33.790] [8544] [HailoRT] [info] [queue_elements.cpp:570] [execute_deactivate] enqueue() in element PushQEl0AsyncHwEl was aborted, got status = HAILO_SHUTDOWN_EVENT_SIGNALED(57)
[2026-08-28 20:27:33.790] [8544] [HailoRT] [info] [queue_elements.cpp:570] [execute_deactivate] enqueue() in element PushQEl1AsyncHwEl was aborted, got status = HAILO_SHUTDOWN_EVENT_SIGNALED(57)
[2026-08-28 20:27:33.790] [8544] [HailoRT] [info] [queue_elements.cpp:570] [execute_deactivate] enqueue() in element EntryPushQEl0superpoint/input_layer1 was aborted, got status = HAILO_SHUTDOWN_EVENT_SIGNALED(57)
[2026-08-28 20:27:33.790] [8544] [HailoRT] [info] [queue_elements.cpp:46] [~BaseQueueElement] Queue element EntryPushQEl0superpoint/input_layer1 has 0 frames in his Queue on destruction
[2026-08-28 20:27:33.790] [8544] [HailoRT] [info] [queue_elements.cpp:46] [~BaseQueueElement] Queue element PushQEl1AsyncHwEl has 0 frames in his Queue on destruction
[2026-08-28 20:27:33.791] [8544] [HailoRT] [info] [queue_elements.cpp:46] [~BaseQueueElement] Queue element PushQEl0AsyncHwEl has 0 frames in his Queue on destruction
[2026-08-28 20:27:35.957] [9170] [HailoRT] [info] [vdevice.cpp:535] [create] Creating vdevice with params: device_count: 1, scheduling_algorithm: ROUND_ROBIN, multi_process_service: false
[2026-08-28 20:27:35.969] [9170] [HailoRT] [info] [device.cpp:51] [Device] OS Version: Linux 6.18.34+rpt-rpi-2712 #1 SMP PREEMPT Debian 1:6.18.34-1+rpt1 (2026-06-09) aarch64
[2026-08-28 20:27:35.969] [9170] [HailoRT] [info] [control.cpp:113] [control__parse_identify_results] firmware_version is: 4.23.0
[2026-08-28 20:27:35.969] [9170] [HailoRT] [info] [vdevice.cpp:682] [create] VDevice Infos: 0001:01:00.0
[2026-08-28 20:27:35.971] [9170] [HailoRT] [info] [hef.cpp:1994] [get_network_group_and_network_name] No name was given. Addressing all networks of default network_group: superpoint
[2026-08-28 20:27:35.971] [9170] [HailoRT] [info] [hef.cpp:1994] [get_network_group_and_network_name] No name was given. Addressing all networks of default network_group: superpoint
[2026-08-28 20:27:35.976] [9170] [HailoRT] [info] [internal_buffer_manager.cpp:75] [print_execution_results] Default Internal buffer planner failed to meet requirements
[2026-08-28 20:27:35.977] [9170] [HailoRT] [info] [internal_buffer_manager.cpp:86] [print_execution_results] Default Internal buffer planner executed successfully
[2026-08-28 20:27:35.982] [9170] [HailoRT] [info] [device_internal.cpp:57] [configure] Configuring HEF took 10.481555 milliseconds
[2026-08-28 20:27:35.982] [9170] [HailoRT] [info] [vdevice.cpp:780] [configure] Configuring HEF on VDevice took 10.739571 milliseconds
[2026-08-28 20:27:35.982] [9170] [HailoRT] [info] [infer_model.cpp:417] [configure] Configuring network group 'superpoint' with params: batch size: 0, power mode: PERFORMANCE, latency: NONE
[2026-08-28 20:27:35.982] [9170] [HailoRT] [info] [multi_io_elements.cpp:754] [create] Created (AsyncHwEl)
[2026-08-28 20:27:35.982] [9170] [HailoRT] [info] [queue_elements.cpp:450] [create] Created (EntryPushQEl0superpoint/input_layer1 | timeout: 10s)
[2026-08-28 20:27:35.982] [9170] [HailoRT] [info] [queue_elements.cpp:450] [create] Created (PushQEl1AsyncHwEl | timeout: 10s)
[2026-08-28 20:27:35.982] [9170] [HailoRT] [info] [filter_elements.cpp:372] [create] Created (PostInferEl1AsyncHwEl | Quantization - src_type: UINT8, dst_type FLOAT32, limvals_min: -61.1455, limvals_max: 21.3524 | Reorder - src_order: FCR, src_shape: (50, 80, 72), dst_order: FCR, dst_shape: (50, 80, 65))
[2026-08-28 20:27:35.982] [9170] [HailoRT] [info] [edge_elements.cpp:187] [create] Created (LastAsyncEl0PostInferEl1AsyncHwEl)
[2026-08-28 20:27:35.982] [9170] [HailoRT] [info] [queue_elements.cpp:450] [create] Created (PushQEl0AsyncHwEl | timeout: 10s)
[2026-08-28 20:27:35.982] [9170] [HailoRT] [info] [filter_elements.cpp:372] [create] Created (PostInferEl0AsyncHwEl | Quantization - src_type: UINT8, dst_type FLOAT32, limvals_min: -893.941, limvals_max: 782.198)
[2026-08-28 20:27:35.982] [9170] [HailoRT] [info] [edge_elements.cpp:187] [create] Created (LastAsyncEl0PostInferEl0AsyncHwEl)
[2026-08-28 20:27:35.982] [9170] [HailoRT] [info] [pipeline.cpp:891] [print_deep_description] EntryPushQEl0superpoint/input_layer1 | inputs: user | outputs: AsyncHwEl(running in thread_id: 9194)
[2026-08-28 20:27:35.982] [9170] [HailoRT] [info] [pipeline.cpp:891] [print_deep_description] AsyncHwEl | inputs: EntryPushQEl0superpoint/input_layer1[0] | outputs: PushQEl0AsyncHwEl PushQEl1AsyncHwEl
[2026-08-28 20:27:35.982] [9170] [HailoRT] [info] [pipeline.cpp:891] [print_deep_description] PushQEl0AsyncHwEl | inputs: AsyncHwEl[0] | outputs: PostInferEl0AsyncHwEl(running in thread_id: 9196)
[2026-08-28 20:27:35.982] [9170] [HailoRT] [info] [pipeline.cpp:891] [print_deep_description] PostInferEl0AsyncHwEl | inputs: PushQEl0AsyncHwEl[0] | outputs: LastAsyncEl0PostInferEl0AsyncHwEl
[2026-08-28 20:27:35.983] [9170] [HailoRT] [info] [pipeline.cpp:891] [print_deep_description] LastAsyncEl0PostInferEl0AsyncHwEl | inputs: PostInferEl0AsyncHwEl[0] | outputs: user
[2026-08-28 20:27:35.983] [9170] [HailoRT] [info] [pipeline.cpp:891] [print_deep_description] PushQEl1AsyncHwEl | inputs: AsyncHwEl[0] | outputs: PostInferEl1AsyncHwEl(running in thread_id: 9195)
[2026-08-28 20:27:35.983] [9170] [HailoRT] [info] [pipeline.cpp:891] [print_deep_description] PostInferEl1AsyncHwEl | inputs: PushQEl1AsyncHwEl[0] | outputs: LastAsyncEl0PostInferEl1AsyncHwEl
[2026-08-28 20:27:35.983] [9170] [HailoRT] [info] [pipeline.cpp:891] [print_deep_description] LastAsyncEl0PostInferEl1AsyncHwEl | inputs: PostInferEl1AsyncHwEl[0] | outputs: user
[2026-08-28 20:29:05.186] [9170] [HailoRT] [info] [async_infer_runner.cpp:86] [shutdown] Pipeline was aborted. Shutting it down
[2026-08-28 20:29:05.186] [9170] [HailoRT] [info] [async_infer_runner.cpp:86] [shutdown] Pipeline was aborted. Shutting it down
[2026-08-28 20:29:05.186] [9170] [HailoRT] [info] [async_infer_runner.cpp:86] [shutdown] Pipeline was aborted. Shutting it down
[2026-08-28 20:29:05.186] [9170] [HailoRT] [info] [queue_elements.cpp:570] [execute_deactivate] enqueue() in element PushQEl0AsyncHwEl was aborted, got status = HAILO_SHUTDOWN_EVENT_SIGNALED(57)
[2026-08-28 20:29:05.186] [9170] [HailoRT] [info] [queue_elements.cpp:570] [execute_deactivate] enqueue() in element PushQEl1AsyncHwEl was aborted, got status = HAILO_SHUTDOWN_EVENT_SIGNALED(57)
[2026-08-28 20:29:05.186] [9170] [HailoRT] [info] [queue_elements.cpp:570] [execute_deactivate] enqueue() in element EntryPushQEl0superpoint/input_layer1 was aborted, got status = HAILO_SHUTDOWN_EVENT_SIGNALED(57)
[2026-08-28 20:29:05.186] [9170] [HailoRT] [info] [queue_elements.cpp:46] [~BaseQueueElement] Queue element EntryPushQEl0superpoint/input_layer1 has 0 frames in his Queue on destruction
[2026-08-28 20:29:05.186] [9170] [HailoRT] [info] [queue_elements.cpp:46] [~BaseQueueElement] Queue element PushQEl1AsyncHwEl has 0 frames in his Queue on destruction
[2026-08-28 20:29:05.187] [9170] [HailoRT] [info] [queue_elements.cpp:46] [~BaseQueueElement] Queue element PushQEl0AsyncHwEl has 0 frames in his Queue on destruction
[2026-08-28 20:29:07.325] [9550] [HailoRT] [info] [vdevice.cpp:535] [create] Creating vdevice with params: device_count: 1, scheduling_algorithm: ROUND_ROBIN, multi_process_service: false
[2026-08-28 20:29:07.338] [9550] [HailoRT] [info] [device.cpp:51] [Device] OS Version: Linux 6.18.34+rpt-rpi-2712 #1 SMP PREEMPT Debian 1:6.18.34-1+rpt1 (2026-06-09) aarch64
[2026-08-28 20:29:07.338] [9550] [HailoRT] [info] [control.cpp:113] [control__parse_identify_results] firmware_version is: 4.23.0
[2026-08-28 20:29:07.338] [9550] [HailoRT] [info] [vdevice.cpp:682] [create] VDevice Infos: 0001:01:00.0
[2026-08-28 20:29:07.340] [9550] [HailoRT] [info] [hef.cpp:1994] [get_network_group_and_network_name] No name was given. Addressing all networks of default network_group: superpoint
[2026-08-28 20:29:07.340] [9550] [HailoRT] [info] [hef.cpp:1994] [get_network_group_and_network_name] No name was given. Addressing all networks of default network_group: superpoint
[2026-08-28 20:29:07.345] [9550] [HailoRT] [info] [internal_buffer_manager.cpp:75] [print_execution_results] Default Internal buffer planner failed to meet requirements
[2026-08-28 20:29:07.345] [9550] [HailoRT] [info] [internal_buffer_manager.cpp:86] [print_execution_results] Default Internal buffer planner executed successfully
[2026-08-28 20:29:07.353] [9550] [HailoRT] [info] [device_internal.cpp:57] [configure] Configuring HEF took 12.829611 milliseconds
[2026-08-28 20:29:07.353] [9550] [HailoRT] [info] [vdevice.cpp:780] [configure] Configuring HEF on VDevice took 13.092277 milliseconds
[2026-08-28 20:29:07.353] [9550] [HailoRT] [info] [infer_model.cpp:417] [configure] Configuring network group 'superpoint' with params: batch size: 0, power mode: PERFORMANCE, latency: NONE
[2026-08-28 20:29:07.353] [9550] [HailoRT] [info] [multi_io_elements.cpp:754] [create] Created (AsyncHwEl)
[2026-08-28 20:29:07.353] [9550] [HailoRT] [info] [queue_elements.cpp:450] [create] Created (EntryPushQEl0superpoint/input_layer1 | timeout: 10s)
[2026-08-28 20:29:07.353] [9550] [HailoRT] [info] [queue_elements.cpp:450] [create] Created (PushQEl1AsyncHwEl | timeout: 10s)
[2026-08-28 20:29:07.353] [9550] [HailoRT] [info] [filter_elements.cpp:372] [create] Created (PostInferEl1AsyncHwEl | Quantization - src_type: UINT8, dst_type FLOAT32, limvals_min: -61.1455, limvals_max: 21.3524 | Reorder - src_order: FCR, src_shape: (50, 80, 72), dst_order: FCR, dst_shape: (50, 80, 65))
[2026-08-28 20:29:07.353] [9550] [HailoRT] [info] [edge_elements.cpp:187] [create] Created (LastAsyncEl0PostInferEl1AsyncHwEl)
[2026-08-28 20:29:07.353] [9550] [HailoRT] [info] [queue_elements.cpp:450] [create] Created (PushQEl0AsyncHwEl | timeout: 10s)
[2026-08-28 20:29:07.353] [9550] [HailoRT] [info] [filter_elements.cpp:372] [create] Created (PostInferEl0AsyncHwEl | Quantization - src_type: UINT8, dst_type FLOAT32, limvals_min: -893.941, limvals_max: 782.198)
[2026-08-28 20:29:07.353] [9550] [HailoRT] [info] [edge_elements.cpp:187] [create] Created (LastAsyncEl0PostInferEl0AsyncHwEl)
[2026-08-28 20:29:07.353] [9550] [HailoRT] [info] [pipeline.cpp:891] [print_deep_description] EntryPushQEl0superpoint/input_layer1 | inputs: user | outputs: AsyncHwEl(running in thread_id: 9581)
[2026-08-28 20:29:07.353] [9550] [HailoRT] [info] [pipeline.cpp:891] [print_deep_description] AsyncHwEl | inputs: EntryPushQEl0superpoint/input_layer1[0] | outputs: PushQEl0AsyncHwEl PushQEl1AsyncHwEl
[2026-08-28 20:29:07.353] [9550] [HailoRT] [info] [pipeline.cpp:891] [print_deep_description] PushQEl0AsyncHwEl | inputs: AsyncHwEl[0] | outputs: PostInferEl0AsyncHwEl(running in thread_id: 9583)
[2026-08-28 20:29:07.353] [9550] [HailoRT] [info] [pipeline.cpp:891] [print_deep_description] PostInferEl0AsyncHwEl | inputs: PushQEl0AsyncHwEl[0] | outputs: LastAsyncEl0PostInferEl0AsyncHwEl
[2026-08-28 20:29:07.353] [9550] [HailoRT] [info] [pipeline.cpp:891] [print_deep_description] LastAsyncEl0PostInferEl0AsyncHwEl | inputs: PostInferEl0AsyncHwEl[0] | outputs: user
[2026-08-28 20:29:07.353] [9550] [HailoRT] [info] [pipeline.cpp:891] [print_deep_description] PushQEl1AsyncHwEl | inputs: AsyncHwEl[0] | outputs: PostInferEl1AsyncHwEl(running in thread_id: 9582)
[2026-08-28 20:29:07.353] [9550] [HailoRT] [info] [pipeline.cpp:891] [print_deep_description] PostInferEl1AsyncHwEl | inputs: PushQEl1AsyncHwEl[0] | outputs: LastAsyncEl0PostInferEl1AsyncHwEl
[2026-08-28 20:29:07.353] [9550] [HailoRT] [info] [pipeline.cpp:891] [print_deep_description] LastAsyncEl0PostInferEl1AsyncHwEl | inputs: PostInferEl1AsyncHwEl[0] | outputs: user
[2026-08-28 20:30:59.711] [9550] [HailoRT] [info] [async_infer_runner.cpp:86] [shutdown] Pipeline was aborted. Shutting it down
[2026-08-28 20:30:59.711] [9550] [HailoRT] [info] [async_infer_runner.cpp:86] [shutdown] Pipeline was aborted. Shutting it down
[2026-08-28 20:30:59.711] [9550] [HailoRT] [info] [async_infer_runner.cpp:86] [shutdown] Pipeline was aborted. Shutting it down
[2026-08-28 20:30:59.711] [9550] [HailoRT] [info] [queue_elements.cpp:570] [execute_deactivate] enqueue() in element PushQEl0AsyncHwEl was aborted, got status = HAILO_SHUTDOWN_EVENT_SIGNALED(57)
[2026-08-28 20:30:59.711] [9550] [HailoRT] [info] [queue_elements.cpp:570] [execute_deactivate] enqueue() in element PushQEl1AsyncHwEl was aborted, got status = HAILO_SHUTDOWN_EVENT_SIGNALED(57)
[2026-08-28 20:30:59.711] [9550] [HailoRT] [info] [queue_elements.cpp:570] [execute_deactivate] enqueue() in element EntryPushQEl0superpoint/input_layer1 was aborted, got status = HAILO_SHUTDOWN_EVENT_SIGNALED(57)
[2026-08-28 20:30:59.711] [9550] [HailoRT] [info] [queue_elements.cpp:46] [~BaseQueueElement] Queue element EntryPushQEl0superpoint/input_layer1 has 0 frames in his Queue on destruction
[2026-08-28 20:30:59.711] [9550] [HailoRT] [info] [queue_elements.cpp:46] [~BaseQueueElement] Queue element PushQEl1AsyncHwEl has 0 frames in his Queue on destruction
[2026-08-28 20:30:59.712] [9550] [HailoRT] [info] [queue_elements.cpp:46] [~BaseQueueElement] Queue element PushQEl0AsyncHwEl has 0 frames in his Queue on destruction
[2026-08-28 20:31:02.129] [9982] [HailoRT] [info] [vdevice.cpp:535] [create] Creating vdevice with params: device_count: 1, scheduling_algorithm: ROUND_ROBIN, multi_process_service: false
[2026-08-28 20:31:02.141] [9982] [HailoRT] [info] [device.cpp:51] [Device] OS Version: Linux 6.18.34+rpt-rpi-2712 #1 SMP PREEMPT Debian 1:6.18.34-1+rpt1 (2026-06-09) aarch64
[2026-08-28 20:31:02.142] [9982] [HailoRT] [info] [control.cpp:113] [control__parse_identify_results] firmware_version is: 4.23.0
[2026-08-28 20:31:02.142] [9982] [HailoRT] [info] [vdevice.cpp:682] [create] VDevice Infos: 0001:01:00.0
[2026-08-28 20:31:02.144] [9982] [HailoRT] [info] [hef.cpp:1994] [get_network_group_and_network_name] No name was given. Addressing all networks of default network_group: superpoint
[2026-08-28 20:31:02.144] [9982] [HailoRT] [info] [hef.cpp:1994] [get_network_group_and_network_name] No name was given. Addressing all networks of default network_group: superpoint
[2026-08-28 20:31:02.149] [9982] [HailoRT] [info] [internal_buffer_manager.cpp:75] [print_execution_results] Default Internal buffer planner failed to meet requirements
[2026-08-28 20:31:02.149] [9982] [HailoRT] [info] [internal_buffer_manager.cpp:86] [print_execution_results] Default Internal buffer planner executed successfully
[2026-08-28 20:31:02.154] [9982] [HailoRT] [info] [device_internal.cpp:57] [configure] Configuring HEF took 10.467258 milliseconds
[2026-08-28 20:31:02.155] [9982] [HailoRT] [info] [vdevice.cpp:780] [configure] Configuring HEF on VDevice took 10.742386 milliseconds
[2026-08-28 20:31:02.155] [9982] [HailoRT] [info] [infer_model.cpp:417] [configure] Configuring network group 'superpoint' with params: batch size: 0, power mode: PERFORMANCE, latency: NONE
[2026-08-28 20:31:02.155] [9982] [HailoRT] [info] [multi_io_elements.cpp:754] [create] Created (AsyncHwEl)
[2026-08-28 20:31:02.155] [9982] [HailoRT] [info] [queue_elements.cpp:450] [create] Created (EntryPushQEl0superpoint/input_layer1 | timeout: 10s)
[2026-08-28 20:31:02.155] [9982] [HailoRT] [info] [queue_elements.cpp:450] [create] Created (PushQEl1AsyncHwEl | timeout: 10s)
[2026-08-28 20:31:02.155] [9982] [HailoRT] [info] [filter_elements.cpp:372] [create] Created (PostInferEl1AsyncHwEl | Quantization - src_type: UINT8, dst_type FLOAT32, limvals_min: -61.1455, limvals_max: 21.3524 | Reorder - src_order: FCR, src_shape: (50, 80, 72), dst_order: FCR, dst_shape: (50, 80, 65))
[2026-08-28 20:31:02.155] [9982] [HailoRT] [info] [edge_elements.cpp:187] [create] Created (LastAsyncEl0PostInferEl1AsyncHwEl)
[2026-08-28 20:31:02.155] [9982] [HailoRT] [info] [queue_elements.cpp:450] [create] Created (PushQEl0AsyncHwEl | timeout: 10s)
[2026-08-28 20:31:02.155] [9982] [HailoRT] [info] [filter_elements.cpp:372] [create] Created (PostInferEl0AsyncHwEl | Quantization - src_type: UINT8, dst_type FLOAT32, limvals_min: -893.941, limvals_max: 782.198)
[2026-08-28 20:31:02.155] [9982] [HailoRT] [info] [edge_elements.cpp:187] [create] Created (LastAsyncEl0PostInferEl0AsyncHwEl)
[2026-08-28 20:31:02.155] [9982] [HailoRT] [info] [pipeline.cpp:891] [print_deep_description] EntryPushQEl0superpoint/input_layer1 | inputs: user | outputs: AsyncHwEl(running in thread_id: 10013)
[2026-08-28 20:31:02.155] [9982] [HailoRT] [info] [pipeline.cpp:891] [print_deep_description] AsyncHwEl | inputs: EntryPushQEl0superpoint/input_layer1[0] | outputs: PushQEl0AsyncHwEl PushQEl1AsyncHwEl
[2026-08-28 20:31:02.155] [9982] [HailoRT] [info] [pipeline.cpp:891] [print_deep_description] PushQEl0AsyncHwEl | inputs: AsyncHwEl[0] | outputs: PostInferEl0AsyncHwEl(running in thread_id: 10015)
[2026-08-28 20:31:02.155] [9982] [HailoRT] [info] [pipeline.cpp:891] [print_deep_description] PostInferEl0AsyncHwEl | inputs: PushQEl0AsyncHwEl[0] | outputs: LastAsyncEl0PostInferEl0AsyncHwEl
[2026-08-28 20:31:02.155] [9982] [HailoRT] [info] [pipeline.cpp:891] [print_deep_description] LastAsyncEl0PostInferEl0AsyncHwEl | inputs: PostInferEl0AsyncHwEl[0] | outputs: user
[2026-08-28 20:31:02.155] [9982] [HailoRT] [info] [pipeline.cpp:891] [print_deep_description] PushQEl1AsyncHwEl | inputs: AsyncHwEl[0] | outputs: PostInferEl1AsyncHwEl(running in thread_id: 10014)
[2026-08-28 20:31:02.155] [9982] [HailoRT] [info] [pipeline.cpp:891] [print_deep_description] PostInferEl1AsyncHwEl | inputs: PushQEl1AsyncHwEl[0] | outputs: LastAsyncEl0PostInferEl1AsyncHwEl
[2026-08-28 20:31:02.155] [9982] [HailoRT] [info] [pipeline.cpp:891] [print_deep_description] LastAsyncEl0PostInferEl1AsyncHwEl | inputs: PostInferEl1AsyncHwEl[0] | outputs: user
[2026-08-28 20:37:50.963] [9982] [HailoRT] [info] [async_infer_runner.cpp:86] [shutdown] Pipeline was aborted. Shutting it down
[2026-08-28 20:37:50.964] [9982] [HailoRT] [info] [async_infer_runner.cpp:86] [shutdown] Pipeline was aborted. Shutting it down
[2026-08-28 20:37:50.964] [9982] [HailoRT] [info] [async_infer_runner.cpp:86] [shutdown] Pipeline was aborted. Shutting it down
[2026-08-28 20:37:50.964] [9982] [HailoRT] [info] [queue_elements.cpp:570] [execute_deactivate] enqueue() in element PushQEl0AsyncHwEl was aborted, got status = HAILO_SHUTDOWN_EVENT_SIGNALED(57)
[2026-08-28 20:37:50.964] [9982] [HailoRT] [info] [queue_elements.cpp:570] [execute_deactivate] enqueue() in element PushQEl1AsyncHwEl was aborted, got status = HAILO_SHUTDOWN_EVENT_SIGNALED(57)
[2026-08-28 20:37:50.964] [9982] [HailoRT] [info] [queue_elements.cpp:570] [execute_deactivate] enqueue() in element EntryPushQEl0superpoint/input_layer1 was aborted, got status = HAILO_SHUTDOWN_EVENT_SIGNALED(57)
[2026-08-28 20:37:50.964] [9982] [HailoRT] [info] [queue_elements.cpp:46] [~BaseQueueElement] Queue element EntryPushQEl0superpoint/input_layer1 has 0 frames in his Queue on destruction
[2026-08-28 20:37:50.964] [9982] [HailoRT] [info] [queue_elements.cpp:46] [~BaseQueueElement] Queue element PushQEl1AsyncHwEl has 0 frames in his Queue on destruction
[2026-08-28 20:37:50.964] [9982] [HailoRT] [info] [queue_elements.cpp:46] [~BaseQueueElement] Queue element PushQEl0AsyncHwEl has 0 frames in his Queue on destruction
[2026-08-28 20:37:53.364] [10961] [HailoRT] [info] [vdevice.cpp:535] [create] Creating vdevice with params: device_count: 1, scheduling_algorithm: ROUND_ROBIN, multi_process_service: false
[2026-08-28 20:37:53.375] [10961] [HailoRT] [info] [device.cpp:51] [Device] OS Version: Linux 6.18.34+rpt-rpi-2712 #1 SMP PREEMPT Debian 1:6.18.34-1+rpt1 (2026-06-09) aarch64
[2026-08-28 20:37:53.376] [10961] [HailoRT] [info] [control.cpp:113] [control__parse_identify_results] firmware_version is: 4.23.0
[2026-08-28 20:37:53.376] [10961] [HailoRT] [info] [vdevice.cpp:682] [create] VDevice Infos: 0001:01:00.0
[2026-08-28 20:37:53.379] [10961] [HailoRT] [info] [hef.cpp:1994] [get_network_group_and_network_name] No name was given. Addressing all networks of default network_group: superpoint
[2026-08-28 20:37:53.379] [10961] [HailoRT] [info] [hef.cpp:1994] [get_network_group_and_network_name] No name was given. Addressing all networks of default network_group: superpoint
[2026-08-28 20:37:53.384] [10961] [HailoRT] [info] [internal_buffer_manager.cpp:75] [print_execution_results] Default Internal buffer planner failed to meet requirements
[2026-08-28 20:37:53.384] [10961] [HailoRT] [info] [internal_buffer_manager.cpp:86] [print_execution_results] Default Internal buffer planner executed successfully
[2026-08-28 20:37:53.390] [10961] [HailoRT] [info] [device_internal.cpp:57] [configure] Configuring HEF took 10.56735 milliseconds
[2026-08-28 20:37:53.390] [10961] [HailoRT] [info] [vdevice.cpp:780] [configure] Configuring HEF on VDevice took 10.89218 milliseconds
[2026-08-28 20:37:53.390] [10961] [HailoRT] [info] [infer_model.cpp:417] [configure] Configuring network group 'superpoint' with params: batch size: 0, power mode: PERFORMANCE, latency: NONE
[2026-08-28 20:37:53.390] [10961] [HailoRT] [info] [multi_io_elements.cpp:754] [create] Created (AsyncHwEl)
[2026-08-28 20:37:53.390] [10961] [HailoRT] [info] [queue_elements.cpp:450] [create] Created (EntryPushQEl0superpoint/input_layer1 | timeout: 10s)
[2026-08-28 20:37:53.390] [10961] [HailoRT] [info] [queue_elements.cpp:450] [create] Created (PushQEl1AsyncHwEl | timeout: 10s)
[2026-08-28 20:37:53.390] [10961] [HailoRT] [info] [filter_elements.cpp:372] [create] Created (PostInferEl1AsyncHwEl | Quantization - src_type: UINT8, dst_type FLOAT32, limvals_min: -61.1455, limvals_max: 21.3524 | Reorder - src_order: FCR, src_shape: (50, 80, 72), dst_order: FCR, dst_shape: (50, 80, 65))
[2026-08-28 20:37:53.390] [10961] [HailoRT] [info] [edge_elements.cpp:187] [create] Created (LastAsyncEl0PostInferEl1AsyncHwEl)
[2026-08-28 20:37:53.391] [10961] [HailoRT] [info] [queue_elements.cpp:450] [create] Created (PushQEl0AsyncHwEl | timeout: 10s)
[2026-08-28 20:37:53.391] [10961] [HailoRT] [info] [filter_elements.cpp:372] [create] Created (PostInferEl0AsyncHwEl | Quantization - src_type: UINT8, dst_type FLOAT32, limvals_min: -893.941, limvals_max: 782.198)
[2026-08-28 20:37:53.391] [10961] [HailoRT] [info] [edge_elements.cpp:187] [create] Created (LastAsyncEl0PostInferEl0AsyncHwEl)
[2026-08-28 20:37:53.391] [10961] [HailoRT] [info] [pipeline.cpp:891] [print_deep_description] EntryPushQEl0superpoint/input_layer1 | inputs: user | outputs: AsyncHwEl(running in thread_id: 10992)
[2026-08-28 20:37:53.391] [10961] [HailoRT] [info] [pipeline.cpp:891] [print_deep_description] AsyncHwEl | inputs: EntryPushQEl0superpoint/input_layer1[0] | outputs: PushQEl0AsyncHwEl PushQEl1AsyncHwEl
[2026-08-28 20:37:53.391] [10961] [HailoRT] [info] [pipeline.cpp:891] [print_deep_description] PushQEl0AsyncHwEl | inputs: AsyncHwEl[0] | outputs: PostInferEl0AsyncHwEl(running in thread_id: 10994)
[2026-08-28 20:37:53.391] [10961] [HailoRT] [info] [pipeline.cpp:891] [print_deep_description] PostInferEl0AsyncHwEl | inputs: PushQEl0AsyncHwEl[0] | outputs: LastAsyncEl0PostInferEl0AsyncHwEl
[2026-08-28 20:37:53.391] [10961] [HailoRT] [info] [pipeline.cpp:891] [print_deep_description] LastAsyncEl0PostInferEl0AsyncHwEl | inputs: PostInferEl0AsyncHwEl[0] | outputs: user
[2026-08-28 20:37:53.391] [10961] [HailoRT] [info] [pipeline.cpp:891] [print_deep_description] PushQEl1AsyncHwEl | inputs: AsyncHwEl[0] | outputs: PostInferEl1AsyncHwEl(running in thread_id: 10993)
[2026-08-28 20:37:53.391] [10961] [HailoRT] [info] [pipeline.cpp:891] [print_deep_description] PostInferEl1AsyncHwEl | inputs: PushQEl1AsyncHwEl[0] | outputs: LastAsyncEl0PostInferEl1AsyncHwEl
[2026-08-28 20:37:53.391] [10961] [HailoRT] [info] [pipeline.cpp:891] [print_deep_description] LastAsyncEl0PostInferEl1AsyncHwEl | inputs: PostInferEl1AsyncHwEl[0] | outputs: user
[2026-08-28 20:40:06.845] [10961] [HailoRT] [info] [async_infer_runner.cpp:86] [shutdown] Pipeline was aborted. Shutting it down
[2026-08-28 20:40:06.846] [10961] [HailoRT] [info] [async_infer_runner.cpp:86] [shutdown] Pipeline was aborted. Shutting it down
[2026-08-28 20:40:06.846] [10961] [HailoRT] [info] [async_infer_runner.cpp:86] [shutdown] Pipeline was aborted. Shutting it down
[2026-08-28 20:40:06.846] [10961] [HailoRT] [info] [queue_elements.cpp:570] [execute_deactivate] enqueue() in element PushQEl0AsyncHwEl was aborted, got status = HAILO_SHUTDOWN_EVENT_SIGNALED(57)
[2026-08-28 20:40:06.846] [10961] [HailoRT] [info] [queue_elements.cpp:570] [execute_deactivate] enqueue() in element PushQEl1AsyncHwEl was aborted, got status = HAILO_SHUTDOWN_EVENT_SIGNALED(57)
[2026-08-28 20:40:06.846] [10961] [HailoRT] [info] [queue_elements.cpp:570] [execute_deactivate] enqueue() in element EntryPushQEl0superpoint/input_layer1 was aborted, got status = HAILO_SHUTDOWN_EVENT_SIGNALED(57)
[2026-08-28 20:40:06.846] [10961] [HailoRT] [info] [queue_elements.cpp:46] [~BaseQueueElement] Queue element EntryPushQEl0superpoint/input_layer1 has 0 frames in his Queue on destruction
[2026-08-28 20:40:06.846] [10961] [HailoRT] [info] [queue_elements.cpp:46] [~BaseQueueElement] Queue element PushQEl1AsyncHwEl has 0 frames in his Queue on destruction
[2026-08-28 20:40:06.847] [10961] [HailoRT] [info] [queue_elements.cpp:46] [~BaseQueueElement] Queue element PushQEl0AsyncHwEl has 0 frames in his Queue on destruction
[2026-08-28 20:40:09.225] [11454] [HailoRT] [info] [vdevice.cpp:535] [create] Creating vdevice with params: device_count: 1, scheduling_algorithm: ROUND_ROBIN, multi_process_service: false
[2026-08-28 20:40:09.238] [11454] [HailoRT] [info] [device.cpp:51] [Device] OS Version: Linux 6.18.34+rpt-rpi-2712 #1 SMP PREEMPT Debian 1:6.18.34-1+rpt1 (2026-06-09) aarch64
[2026-08-28 20:40:09.238] [11454] [HailoRT] [info] [control.cpp:113] [control__parse_identify_results] firmware_version is: 4.23.0
[2026-08-28 20:40:09.238] [11454] [HailoRT] [info] [vdevice.cpp:682] [create] VDevice Infos: 0001:01:00.0
[2026-08-28 20:40:09.240] [11454] [HailoRT] [info] [hef.cpp:1994] [get_network_group_and_network_name] No name was given. Addressing all networks of default network_group: superpoint
[2026-08-28 20:40:09.240] [11454] [HailoRT] [info] [hef.cpp:1994] [get_network_group_and_network_name] No name was given. Addressing all networks of default network_group: superpoint
[2026-08-28 20:40:09.246] [11454] [HailoRT] [info] [internal_buffer_manager.cpp:75] [print_execution_results] Default Internal buffer planner failed to meet requirements
[2026-08-28 20:40:09.246] [11454] [HailoRT] [info] [internal_buffer_manager.cpp:86] [print_execution_results] Default Internal buffer planner executed successfully
[2026-08-28 20:40:09.252] [11454] [HailoRT] [info] [device_internal.cpp:57] [configure] Configuring HEF took 11.676508 milliseconds
[2026-08-28 20:40:09.252] [11454] [HailoRT] [info] [vdevice.cpp:780] [configure] Configuring HEF on VDevice took 12.29243 milliseconds
[2026-08-28 20:40:09.252] [11454] [HailoRT] [info] [infer_model.cpp:417] [configure] Configuring network group 'superpoint' with params: batch size: 0, power mode: PERFORMANCE, latency: NONE
[2026-08-28 20:40:09.252] [11454] [HailoRT] [info] [multi_io_elements.cpp:754] [create] Created (AsyncHwEl)
[2026-08-28 20:40:09.253] [11454] [HailoRT] [info] [queue_elements.cpp:450] [create] Created (EntryPushQEl0superpoint/input_layer1 | timeout: 10s)
[2026-08-28 20:40:09.253] [11454] [HailoRT] [info] [queue_elements.cpp:450] [create] Created (PushQEl1AsyncHwEl | timeout: 10s)
[2026-08-28 20:40:09.253] [11454] [HailoRT] [info] [filter_elements.cpp:372] [create] Created (PostInferEl1AsyncHwEl | Quantization - src_type: UINT8, dst_type FLOAT32, limvals_min: -61.1455, limvals_max: 21.3524 | Reorder - src_order: FCR, src_shape: (50, 80, 72), dst_order: FCR, dst_shape: (50, 80, 65))
[2026-08-28 20:40:09.253] [11454] [HailoRT] [info] [edge_elements.cpp:187] [create] Created (LastAsyncEl0PostInferEl1AsyncHwEl)
[2026-08-28 20:40:09.253] [11454] [HailoRT] [info] [queue_elements.cpp:450] [create] Created (PushQEl0AsyncHwEl | timeout: 10s)
[2026-08-28 20:40:09.253] [11454] [HailoRT] [info] [filter_elements.cpp:372] [create] Created (PostInferEl0AsyncHwEl | Quantization - src_type: UINT8, dst_type FLOAT32, limvals_min: -893.941, limvals_max: 782.198)
[2026-08-28 20:40:09.253] [11454] [HailoRT] [info] [edge_elements.cpp:187] [create] Created (LastAsyncEl0PostInferEl0AsyncHwEl)
[2026-08-28 20:40:09.253] [11454] [HailoRT] [info] [pipeline.cpp:891] [print_deep_description] EntryPushQEl0superpoint/input_layer1 | inputs: user | outputs: AsyncHwEl(running in thread_id: 11478)
[2026-08-28 20:40:09.253] [11454] [HailoRT] [info] [pipeline.cpp:891] [print_deep_description] AsyncHwEl | inputs: EntryPushQEl0superpoint/input_layer1[0] | outputs: PushQEl0AsyncHwEl PushQEl1AsyncHwEl
[2026-08-28 20:40:09.253] [11454] [HailoRT] [info] [pipeline.cpp:891] [print_deep_description] PushQEl0AsyncHwEl | inputs: AsyncHwEl[0] | outputs: PostInferEl0AsyncHwEl(running in thread_id: 11480)
[2026-08-28 20:40:09.253] [11454] [HailoRT] [info] [pipeline.cpp:891] [print_deep_description] PostInferEl0AsyncHwEl | inputs: PushQEl0AsyncHwEl[0] | outputs: LastAsyncEl0PostInferEl0AsyncHwEl
[2026-08-28 20:40:09.253] [11454] [HailoRT] [info] [pipeline.cpp:891] [print_deep_description] LastAsyncEl0PostInferEl0AsyncHwEl | inputs: PostInferEl0AsyncHwEl[0] | outputs: user
[2026-08-28 20:40:09.253] [11454] [HailoRT] [info] [pipeline.cpp:891] [print_deep_description] PushQEl1AsyncHwEl | inputs: AsyncHwEl[0] | outputs: PostInferEl1AsyncHwEl(running in thread_id: 11479)
[2026-08-28 20:40:09.253] [11454] [HailoRT] [info] [pipeline.cpp:891] [print_deep_description] PostInferEl1AsyncHwEl | inputs: PushQEl1AsyncHwEl[0] | outputs: LastAsyncEl0PostInferEl1AsyncHwEl
[2026-08-28 20:40:09.253] [11454] [HailoRT] [info] [pipeline.cpp:891] [print_deep_description] LastAsyncEl0PostInferEl1AsyncHwEl | inputs: PostInferEl1AsyncHwEl[0] | outputs: user
[2026-08-28 20:43:08.082] [11454] [HailoRT] [info] [async_infer_runner.cpp:86] [shutdown] Pipeline was aborted. Shutting it down
[2026-08-28 20:43:08.082] [11454] [HailoRT] [info] [async_infer_runner.cpp:86] [shutdown] Pipeline was aborted. Shutting it down
[2026-08-28 20:43:08.082] [11454] [HailoRT] [info] [async_infer_runner.cpp:86] [shutdown] Pipeline was aborted. Shutting it down
[2026-08-28 20:43:08.082] [11454] [HailoRT] [info] [queue_elements.cpp:570] [execute_deactivate] enqueue() in element PushQEl0AsyncHwEl was aborted, got status = HAILO_SHUTDOWN_EVENT_SIGNALED(57)
[2026-08-28 20:43:08.082] [11454] [HailoRT] [info] [queue_elements.cpp:570] [execute_deactivate] enqueue() in element PushQEl1AsyncHwEl was aborted, got status = HAILO_SHUTDOWN_EVENT_SIGNALED(57)
[2026-08-28 20:43:08.082] [11454] [HailoRT] [info] [queue_elements.cpp:570] [execute_deactivate] enqueue() in element EntryPushQEl0superpoint/input_layer1 was aborted, got status = HAILO_SHUTDOWN_EVENT_SIGNALED(57)
[2026-08-28 20:43:08.082] [11454] [HailoRT] [info] [queue_elements.cpp:46] [~BaseQueueElement] Queue element EntryPushQEl0superpoint/input_layer1 has 0 frames in his Queue on destruction
[2026-08-28 20:43:08.082] [11454] [HailoRT] [info] [queue_elements.cpp:46] [~BaseQueueElement] Queue element PushQEl1AsyncHwEl has 0 frames in his Queue on destruction
[2026-08-28 20:43:08.082] [11454] [HailoRT] [info] [queue_elements.cpp:46] [~BaseQueueElement] Queue element PushQEl0AsyncHwEl has 0 frames in his Queue on destruction
[2026-08-28 20:43:10.413] [11985] [HailoRT] [info] [vdevice.cpp:535] [create] Creating vdevice with params: device_count: 1, scheduling_algorithm: ROUND_ROBIN, multi_process_service: false
[2026-08-28 20:43:10.425] [11985] [HailoRT] [info] [device.cpp:51] [Device] OS Version: Linux 6.18.34+rpt-rpi-2712 #1 SMP PREEMPT Debian 1:6.18.34-1+rpt1 (2026-06-09) aarch64
[2026-08-28 20:43:10.425] [11985] [HailoRT] [info] [control.cpp:113] [control__parse_identify_results] firmware_version is: 4.23.0
[2026-08-28 20:43:10.425] [11985] [HailoRT] [info] [vdevice.cpp:682] [create] VDevice Infos: 0001:01:00.0
[2026-08-28 20:43:10.427] [11985] [HailoRT] [info] [hef.cpp:1994] [get_network_group_and_network_name] No name was given. Addressing all networks of default network_group: superpoint
[2026-08-28 20:43:10.427] [11985] [HailoRT] [info] [hef.cpp:1994] [get_network_group_and_network_name] No name was given. Addressing all networks of default network_group: superpoint
[2026-08-28 20:43:10.432] [11985] [HailoRT] [info] [internal_buffer_manager.cpp:75] [print_execution_results] Default Internal buffer planner failed to meet requirements
[2026-08-28 20:43:10.432] [11985] [HailoRT] [info] [internal_buffer_manager.cpp:86] [print_execution_results] Default Internal buffer planner executed successfully
[2026-08-28 20:43:10.437] [11985] [HailoRT] [info] [device_internal.cpp:57] [configure] Configuring HEF took 10.278055 milliseconds
[2026-08-28 20:43:10.438] [11985] [HailoRT] [info] [vdevice.cpp:780] [configure] Configuring HEF on VDevice took 10.528035 milliseconds
[2026-08-28 20:43:10.438] [11985] [HailoRT] [info] [infer_model.cpp:417] [configure] Configuring network group 'superpoint' with params: batch size: 0, power mode: PERFORMANCE, latency: NONE
[2026-08-28 20:43:10.438] [11985] [HailoRT] [info] [multi_io_elements.cpp:754] [create] Created (AsyncHwEl)
[2026-08-28 20:43:10.438] [11985] [HailoRT] [info] [queue_elements.cpp:450] [create] Created (EntryPushQEl0superpoint/input_layer1 | timeout: 10s)
[2026-08-28 20:43:10.438] [11985] [HailoRT] [info] [queue_elements.cpp:450] [create] Created (PushQEl1AsyncHwEl | timeout: 10s)
[2026-08-28 20:43:10.438] [11985] [HailoRT] [info] [filter_elements.cpp:372] [create] Created (PostInferEl1AsyncHwEl | Quantization - src_type: UINT8, dst_type FLOAT32, limvals_min: -61.1455, limvals_max: 21.3524 | Reorder - src_order: FCR, src_shape: (50, 80, 72), dst_order: FCR, dst_shape: (50, 80, 65))
[2026-08-28 20:43:10.438] [11985] [HailoRT] [info] [edge_elements.cpp:187] [create] Created (LastAsyncEl0PostInferEl1AsyncHwEl)
[2026-08-28 20:43:10.438] [11985] [HailoRT] [info] [queue_elements.cpp:450] [create] Created (PushQEl0AsyncHwEl | timeout: 10s)
[2026-08-28 20:43:10.438] [11985] [HailoRT] [info] [filter_elements.cpp:372] [create] Created (PostInferEl0AsyncHwEl | Quantization - src_type: UINT8, dst_type FLOAT32, limvals_min: -893.941, limvals_max: 782.198)
[2026-08-28 20:43:10.438] [11985] [HailoRT] [info] [edge_elements.cpp:187] [create] Created (LastAsyncEl0PostInferEl0AsyncHwEl)
[2026-08-28 20:43:10.438] [11985] [HailoRT] [info] [pipeline.cpp:891] [print_deep_description] EntryPushQEl0superpoint/input_layer1 | inputs: user | outputs: AsyncHwEl(running in thread_id: 12007)
[2026-08-28 20:43:10.438] [11985] [HailoRT] [info] [pipeline.cpp:891] [print_deep_description] AsyncHwEl | inputs: EntryPushQEl0superpoint/input_layer1[0] | outputs: PushQEl0AsyncHwEl PushQEl1AsyncHwEl
[2026-08-28 20:43:10.438] [11985] [HailoRT] [info] [pipeline.cpp:891] [print_deep_description] PushQEl0AsyncHwEl | inputs: AsyncHwEl[0] | outputs: PostInferEl0AsyncHwEl(running in thread_id: 12009)
[2026-08-28 20:43:10.438] [11985] [HailoRT] [info] [pipeline.cpp:891] [print_deep_description] PostInferEl0AsyncHwEl | inputs: PushQEl0AsyncHwEl[0] | outputs: LastAsyncEl0PostInferEl0AsyncHwEl
[2026-08-28 20:43:10.438] [11985] [HailoRT] [info] [pipeline.cpp:891] [print_deep_description] LastAsyncEl0PostInferEl0AsyncHwEl | inputs: PostInferEl0AsyncHwEl[0] | outputs: user
[2026-08-28 20:43:10.438] [11985] [HailoRT] [info] [pipeline.cpp:891] [print_deep_description] PushQEl1AsyncHwEl | inputs: AsyncHwEl[0] | outputs: PostInferEl1AsyncHwEl(running in thread_id: 12008)
[2026-08-28 20:43:10.438] [11985] [HailoRT] [info] [pipeline.cpp:891] [print_deep_description] PostInferEl1AsyncHwEl | inputs: PushQEl1AsyncHwEl[0] | outputs: LastAsyncEl0PostInferEl1AsyncHwEl
[2026-08-28 20:43:10.438] [11985] [HailoRT] [info] [pipeline.cpp:891] [print_deep_description] LastAsyncEl0PostInferEl1AsyncHwEl | inputs: PostInferEl1AsyncHwEl[0] | outputs: user
[2026-08-28 20:45:07.767] [11985] [HailoRT] [info] [async_infer_runner.cpp:86] [shutdown] Pipeline was aborted. Shutting it down
[2026-08-28 20:45:07.768] [11985] [HailoRT] [info] [async_infer_runner.cpp:86] [shutdown] Pipeline was aborted. Shutting it down
[2026-08-28 20:45:07.768] [11985] [HailoRT] [info] [async_infer_runner.cpp:86] [shutdown] Pipeline was aborted. Shutting it down
[2026-08-28 20:45:07.768] [11985] [HailoRT] [info] [queue_elements.cpp:570] [execute_deactivate] enqueue() in element PushQEl0AsyncHwEl was aborted, got status = HAILO_SHUTDOWN_EVENT_SIGNALED(57)
[2026-08-28 20:45:07.768] [11985] [HailoRT] [info] [queue_elements.cpp:570] [execute_deactivate] enqueue() in element PushQEl1AsyncHwEl was aborted, got status = HAILO_SHUTDOWN_EVENT_SIGNALED(57)
[2026-08-28 20:45:07.768] [11985] [HailoRT] [info] [queue_elements.cpp:570] [execute_deactivate] enqueue() in element EntryPushQEl0superpoint/input_layer1 was aborted, got status = HAILO_SHUTDOWN_EVENT_SIGNALED(57)
[2026-08-28 20:45:07.768] [11985] [HailoRT] [info] [queue_elements.cpp:46] [~BaseQueueElement] Queue element EntryPushQEl0superpoint/input_layer1 has 0 frames in his Queue on destruction
[2026-08-28 20:45:07.768] [11985] [HailoRT] [info] [queue_elements.cpp:46] [~BaseQueueElement] Queue element PushQEl1AsyncHwEl has 0 frames in his Queue on destruction
[2026-08-28 20:45:07.768] [11985] [HailoRT] [info] [queue_elements.cpp:46] [~BaseQueueElement] Queue element PushQEl0AsyncHwEl has 0 frames in his Queue on destruction
[2026-08-28 20:46:07.547] [12531] [HailoRT] [info] [vdevice.cpp:535] [create] Creating vdevice with params: device_count: 1, scheduling_algorithm: ROUND_ROBIN, multi_process_service: false
[2026-08-28 20:46:07.559] [12531] [HailoRT] [info] [device.cpp:51] [Device] OS Version: Linux 6.18.34+rpt-rpi-2712 #1 SMP PREEMPT Debian 1:6.18.34-1+rpt1 (2026-06-09) aarch64
[2026-08-28 20:46:07.559] [12531] [HailoRT] [info] [control.cpp:113] [control__parse_identify_results] firmware_version is: 4.23.0
[2026-08-28 20:46:07.559] [12531] [HailoRT] [info] [vdevice.cpp:682] [create] VDevice Infos: 0001:01:00.0
[2026-08-28 20:46:07.561] [12531] [HailoRT] [info] [hef.cpp:1994] [get_network_group_and_network_name] No name was given. Addressing all networks of default network_group: superpoint
[2026-08-28 20:46:07.561] [12531] [HailoRT] [info] [hef.cpp:1994] [get_network_group_and_network_name] No name was given. Addressing all networks of default network_group: superpoint
[2026-08-28 20:46:07.566] [12531] [HailoRT] [info] [internal_buffer_manager.cpp:75] [print_execution_results] Default Internal buffer planner failed to meet requirements
[2026-08-28 20:46:07.566] [12531] [HailoRT] [info] [internal_buffer_manager.cpp:86] [print_execution_results] Default Internal buffer planner executed successfully
[2026-08-28 20:46:07.571] [12531] [HailoRT] [info] [device_internal.cpp:57] [configure] Configuring HEF took 10.351944 milliseconds
[2026-08-28 20:46:07.571] [12531] [HailoRT] [info] [vdevice.cpp:780] [configure] Configuring HEF on VDevice took 10.613942 milliseconds
[2026-08-28 20:46:07.571] [12531] [HailoRT] [info] [infer_model.cpp:417] [configure] Configuring network group 'superpoint' with params: batch size: 0, power mode: PERFORMANCE, latency: NONE
[2026-08-28 20:46:07.572] [12531] [HailoRT] [info] [multi_io_elements.cpp:754] [create] Created (AsyncHwEl)
[2026-08-28 20:46:07.572] [12531] [HailoRT] [info] [queue_elements.cpp:450] [create] Created (EntryPushQEl0superpoint/input_layer1 | timeout: 10s)
[2026-08-28 20:46:07.572] [12531] [HailoRT] [info] [queue_elements.cpp:450] [create] Created (PushQEl1AsyncHwEl | timeout: 10s)
[2026-08-28 20:46:07.572] [12531] [HailoRT] [info] [filter_elements.cpp:372] [create] Created (PostInferEl1AsyncHwEl | Quantization - src_type: UINT8, dst_type FLOAT32, limvals_min: -61.1455, limvals_max: 21.3524 | Reorder - src_order: FCR, src_shape: (50, 80, 72), dst_order: FCR, dst_shape: (50, 80, 65))
[2026-08-28 20:46:07.572] [12531] [HailoRT] [info] [edge_elements.cpp:187] [create] Created (LastAsyncEl0PostInferEl1AsyncHwEl)
[2026-08-28 20:46:07.572] [12531] [HailoRT] [info] [queue_elements.cpp:450] [create] Created (PushQEl0AsyncHwEl | timeout: 10s)
[2026-08-28 20:46:07.572] [12531] [HailoRT] [info] [filter_elements.cpp:372] [create] Created (PostInferEl0AsyncHwEl | Quantization - src_type: UINT8, dst_type FLOAT32, limvals_min: -893.941, limvals_max: 782.198)
[2026-08-28 20:46:07.572] [12531] [HailoRT] [info] [edge_elements.cpp:187] [create] Created (LastAsyncEl0PostInferEl0AsyncHwEl)
[2026-08-28 20:46:07.572] [12531] [HailoRT] [info] [pipeline.cpp:891] [print_deep_description] EntryPushQEl0superpoint/input_layer1 | inputs: user | outputs: AsyncHwEl(running in thread_id: 12564)
[2026-08-28 20:46:07.572] [12531] [HailoRT] [info] [pipeline.cpp:891] [print_deep_description] AsyncHwEl | inputs: EntryPushQEl0superpoint/input_layer1[0] | outputs: PushQEl0AsyncHwEl PushQEl1AsyncHwEl
[2026-08-28 20:46:07.572] [12531] [HailoRT] [info] [pipeline.cpp:891] [print_deep_description] PushQEl0AsyncHwEl | inputs: AsyncHwEl[0] | outputs: PostInferEl0AsyncHwEl(running in thread_id: 12566)
[2026-08-28 20:46:07.572] [12531] [HailoRT] [info] [pipeline.cpp:891] [print_deep_description] PostInferEl0AsyncHwEl | inputs: PushQEl0AsyncHwEl[0] | outputs: LastAsyncEl0PostInferEl0AsyncHwEl
[2026-08-28 20:46:07.572] [12531] [HailoRT] [info] [pipeline.cpp:891] [print_deep_description] LastAsyncEl0PostInferEl0AsyncHwEl | inputs: PostInferEl0AsyncHwEl[0] | outputs: user
[2026-08-28 20:46:07.572] [12531] [HailoRT] [info] [pipeline.cpp:891] [print_deep_description] PushQEl1AsyncHwEl | inputs: AsyncHwEl[0] | outputs: PostInferEl1AsyncHwEl(running in thread_id: 12565)
[2026-08-28 20:46:07.572] [12531] [HailoRT] [info] [pipeline.cpp:891] [print_deep_description] PostInferEl1AsyncHwEl | inputs: PushQEl1AsyncHwEl[0] | outputs: LastAsyncEl0PostInferEl1AsyncHwEl
[2026-08-28 20:46:07.572] [12531] [HailoRT] [info] [pipeline.cpp:891] [print_deep_description] LastAsyncEl0PostInferEl1AsyncHwEl | inputs: PostInferEl1AsyncHwEl[0] | outputs: user
[2026-08-28 21:16:53.581] [12531] [HailoRT] [info] [async_infer_runner.cpp:86] [shutdown] Pipeline was aborted. Shutting it down
[2026-08-28 21:16:53.581] [12531] [HailoRT] [info] [async_infer_runner.cpp:86] [shutdown] Pipeline was aborted. Shutting it down
[2026-08-28 21:16:53.581] [12531] [HailoRT] [info] [async_infer_runner.cpp:86] [shutdown] Pipeline was aborted. Shutting it down
[2026-08-28 21:16:53.581] [12531] [HailoRT] [info] [queue_elements.cpp:570] [execute_deactivate] enqueue() in element PushQEl0AsyncHwEl was aborted, got status = HAILO_SHUTDOWN_EVENT_SIGNALED(57)
[2026-08-28 21:16:53.581] [12531] [HailoRT] [info] [queue_elements.cpp:570] [execute_deactivate] enqueue() in element PushQEl1AsyncHwEl was aborted, got status = HAILO_SHUTDOWN_EVENT_SIGNALED(57)
[2026-08-28 21:16:53.581] [12531] [HailoRT] [info] [queue_elements.cpp:570] [execute_deactivate] enqueue() in element EntryPushQEl0superpoint/input_layer1 was aborted, got status = HAILO_SHUTDOWN_EVENT_SIGNALED(57)
[2026-08-28 21:16:53.581] [12531] [HailoRT] [info] [queue_elements.cpp:46] [~BaseQueueElement] Queue element EntryPushQEl0superpoint/input_layer1 has 0 frames in his Queue on destruction
[2026-08-28 21:16:53.581] [12531] [HailoRT] [info] [queue_elements.cpp:46] [~BaseQueueElement] Queue element PushQEl1AsyncHwEl has 0 frames in his Queue on destruction
[2026-08-28 21:16:53.581] [12531] [HailoRT] [info] [queue_elements.cpp:46] [~BaseQueueElement] Queue element PushQEl0AsyncHwEl has 0 frames in his Queue on destruction
[2026-08-28 21:16:55.984] [16146] [HailoRT] [info] [vdevice.cpp:535] [create] Creating vdevice with params: device_count: 1, scheduling_algorithm: ROUND_ROBIN, multi_process_service: false
[2026-08-28 21:16:55.995] [16146] [HailoRT] [info] [device.cpp:51] [Device] OS Version: Linux 6.18.34+rpt-rpi-2712 #1 SMP PREEMPT Debian 1:6.18.34-1+rpt1 (2026-06-09) aarch64
[2026-08-28 21:16:55.995] [16146] [HailoRT] [info] [control.cpp:113] [control__parse_identify_results] firmware_version is: 4.23.0
[2026-08-28 21:16:55.996] [16146] [HailoRT] [info] [vdevice.cpp:682] [create] VDevice Infos: 0001:01:00.0
[2026-08-28 21:16:55.999] [16146] [HailoRT] [info] [hef.cpp:1994] [get_network_group_and_network_name] No name was given. Addressing all networks of default network_group: superpoint
[2026-08-28 21:16:55.999] [16146] [HailoRT] [info] [hef.cpp:1994] [get_network_group_and_network_name] No name was given. Addressing all networks of default network_group: superpoint
[2026-08-28 21:16:56.004] [16146] [HailoRT] [info] [internal_buffer_manager.cpp:75] [print_execution_results] Default Internal buffer planner failed to meet requirements
[2026-08-28 21:16:56.004] [16146] [HailoRT] [info] [internal_buffer_manager.cpp:86] [print_execution_results] Default Internal buffer planner executed successfully
[2026-08-28 21:16:56.010] [16146] [HailoRT] [info] [device_internal.cpp:57] [configure] Configuring HEF took 10.505943 milliseconds
[2026-08-28 21:16:56.010] [16146] [HailoRT] [info] [vdevice.cpp:780] [configure] Configuring HEF on VDevice took 10.8182 milliseconds
[2026-08-28 21:16:56.010] [16146] [HailoRT] [info] [infer_model.cpp:417] [configure] Configuring network group 'superpoint' with params: batch size: 0, power mode: PERFORMANCE, latency: NONE
[2026-08-28 21:16:56.010] [16146] [HailoRT] [info] [multi_io_elements.cpp:754] [create] Created (AsyncHwEl)
[2026-08-28 21:16:56.010] [16146] [HailoRT] [info] [queue_elements.cpp:450] [create] Created (EntryPushQEl0superpoint/input_layer1 | timeout: 10s)
[2026-08-28 21:16:56.010] [16146] [HailoRT] [info] [queue_elements.cpp:450] [create] Created (PushQEl1AsyncHwEl | timeout: 10s)
[2026-08-28 21:16:56.010] [16146] [HailoRT] [info] [filter_elements.cpp:372] [create] Created (PostInferEl1AsyncHwEl | Quantization - src_type: UINT8, dst_type FLOAT32, limvals_min: -61.1455, limvals_max: 21.3524 | Reorder - src_order: FCR, src_shape: (50, 80, 72), dst_order: FCR, dst_shape: (50, 80, 65))
[2026-08-28 21:16:56.010] [16146] [HailoRT] [info] [edge_elements.cpp:187] [create] Created (LastAsyncEl0PostInferEl1AsyncHwEl)
[2026-08-28 21:16:56.010] [16146] [HailoRT] [info] [queue_elements.cpp:450] [create] Created (PushQEl0AsyncHwEl | timeout: 10s)
[2026-08-28 21:16:56.010] [16146] [HailoRT] [info] [filter_elements.cpp:372] [create] Created (PostInferEl0AsyncHwEl | Quantization - src_type: UINT8, dst_type FLOAT32, limvals_min: -893.941, limvals_max: 782.198)
[2026-08-28 21:16:56.010] [16146] [HailoRT] [info] [edge_elements.cpp:187] [create] Created (LastAsyncEl0PostInferEl0AsyncHwEl)
[2026-08-28 21:16:56.010] [16146] [HailoRT] [info] [pipeline.cpp:891] [print_deep_description] EntryPushQEl0superpoint/input_layer1 | inputs: user | outputs: AsyncHwEl(running in thread_id: 16170)
[2026-08-28 21:16:56.010] [16146] [HailoRT] [info] [pipeline.cpp:891] [print_deep_description] AsyncHwEl | inputs: EntryPushQEl0superpoint/input_layer1[0] | outputs: PushQEl0AsyncHwEl PushQEl1AsyncHwEl
[2026-08-28 21:16:56.010] [16146] [HailoRT] [info] [pipeline.cpp:891] [print_deep_description] PushQEl0AsyncHwEl | inputs: AsyncHwEl[0] | outputs: PostInferEl0AsyncHwEl(running in thread_id: 16172)
[2026-08-28 21:16:56.010] [16146] [HailoRT] [info] [pipeline.cpp:891] [print_deep_description] PostInferEl0AsyncHwEl | inputs: PushQEl0AsyncHwEl[0] | outputs: LastAsyncEl0PostInferEl0AsyncHwEl
[2026-08-28 21:16:56.010] [16146] [HailoRT] [info] [pipeline.cpp:891] [print_deep_description] LastAsyncEl0PostInferEl0AsyncHwEl | inputs: PostInferEl0AsyncHwEl[0] | outputs: user
[2026-08-28 21:16:56.010] [16146] [HailoRT] [info] [pipeline.cpp:891] [print_deep_description] PushQEl1AsyncHwEl | inputs: AsyncHwEl[0] | outputs: PostInferEl1AsyncHwEl(running in thread_id: 16171)
[2026-08-28 21:16:56.010] [16146] [HailoRT] [info] [pipeline.cpp:891] [print_deep_description] PostInferEl1AsyncHwEl | inputs: PushQEl1AsyncHwEl[0] | outputs: LastAsyncEl0PostInferEl1AsyncHwEl
[2026-08-28 21:16:56.010] [16146] [HailoRT] [info] [pipeline.cpp:891] [print_deep_description] LastAsyncEl0PostInferEl1AsyncHwEl | inputs: PostInferEl1AsyncHwEl[0] | outputs: user
[2026-08-28 21:20:30.480] [16146] [HailoRT] [info] [async_infer_runner.cpp:86] [shutdown] Pipeline was aborted. Shutting it down
[2026-08-28 21:20:30.480] [16146] [HailoRT] [info] [async_infer_runner.cpp:86] [shutdown] Pipeline was aborted. Shutting it down
[2026-08-28 21:20:30.480] [16146] [HailoRT] [info] [async_infer_runner.cpp:86] [shutdown] Pipeline was aborted. Shutting it down
[2026-08-28 21:20:30.480] [16146] [HailoRT] [info] [queue_elements.cpp:570] [execute_deactivate] enqueue() in element PushQEl0AsyncHwEl was aborted, got status = HAILO_SHUTDOWN_EVENT_SIGNALED(57)
[2026-08-28 21:20:30.480] [16146] [HailoRT] [info] [queue_elements.cpp:570] [execute_deactivate] enqueue() in element PushQEl1AsyncHwEl was aborted, got status = HAILO_SHUTDOWN_EVENT_SIGNALED(57)
[2026-08-28 21:20:30.480] [16146] [HailoRT] [info] [queue_elements.cpp:570] [execute_deactivate] enqueue() in element EntryPushQEl0superpoint/input_layer1 was aborted, got status = HAILO_SHUTDOWN_EVENT_SIGNALED(57)
[2026-08-28 21:20:30.480] [16146] [HailoRT] [info] [queue_elements.cpp:46] [~BaseQueueElement] Queue element EntryPushQEl0superpoint/input_layer1 has 0 frames in his Queue on destruction
[2026-08-28 21:20:30.480] [16146] [HailoRT] [info] [queue_elements.cpp:46] [~BaseQueueElement] Queue element PushQEl1AsyncHwEl has 0 frames in his Queue on destruction
[2026-08-28 21:20:30.481] [16146] [HailoRT] [info] [queue_elements.cpp:46] [~BaseQueueElement] Queue element PushQEl0AsyncHwEl has 0 frames in his Queue on destruction
[2026-08-28 21:20:32.836] [16756] [HailoRT] [info] [vdevice.cpp:535] [create] Creating vdevice with params: device_count: 1, scheduling_algorithm: ROUND_ROBIN, multi_process_service: false
[2026-08-28 21:20:32.847] [16756] [HailoRT] [info] [device.cpp:51] [Device] OS Version: Linux 6.18.34+rpt-rpi-2712 #1 SMP PREEMPT Debian 1:6.18.34-1+rpt1 (2026-06-09) aarch64
[2026-08-28 21:20:32.847] [16756] [HailoRT] [info] [control.cpp:113] [control__parse_identify_results] firmware_version is: 4.23.0
[2026-08-28 21:20:32.847] [16756] [HailoRT] [info] [vdevice.cpp:682] [create] VDevice Infos: 0001:01:00.0
[2026-08-28 21:20:32.849] [16756] [HailoRT] [info] [hef.cpp:1994] [get_network_group_and_network_name] No name was given. Addressing all networks of default network_group: superpoint
[2026-08-28 21:20:32.849] [16756] [HailoRT] [info] [hef.cpp:1994] [get_network_group_and_network_name] No name was given. Addressing all networks of default network_group: superpoint
[2026-08-28 21:20:32.854] [16756] [HailoRT] [info] [internal_buffer_manager.cpp:75] [print_execution_results] Default Internal buffer planner failed to meet requirements
[2026-08-28 21:20:32.854] [16756] [HailoRT] [info] [internal_buffer_manager.cpp:86] [print_execution_results] Default Internal buffer planner executed successfully
[2026-08-28 21:20:32.860] [16756] [HailoRT] [info] [device_internal.cpp:57] [configure] Configuring HEF took 10.438332 milliseconds
[2026-08-28 21:20:32.860] [16756] [HailoRT] [info] [vdevice.cpp:780] [configure] Configuring HEF on VDevice took 10.700571 milliseconds
[2026-08-28 21:20:32.860] [16756] [HailoRT] [info] [infer_model.cpp:417] [configure] Configuring network group 'superpoint' with params: batch size: 0, power mode: PERFORMANCE, latency: NONE
[2026-08-28 21:20:32.860] [16756] [HailoRT] [info] [multi_io_elements.cpp:754] [create] Created (AsyncHwEl)
[2026-08-28 21:20:32.860] [16756] [HailoRT] [info] [queue_elements.cpp:450] [create] Created (EntryPushQEl0superpoint/input_layer1 | timeout: 10s)
[2026-08-28 21:20:32.860] [16756] [HailoRT] [info] [queue_elements.cpp:450] [create] Created (PushQEl1AsyncHwEl | timeout: 10s)
[2026-08-28 21:20:32.860] [16756] [HailoRT] [info] [filter_elements.cpp:372] [create] Created (PostInferEl1AsyncHwEl | Quantization - src_type: UINT8, dst_type FLOAT32, limvals_min: -61.1455, limvals_max: 21.3524 | Reorder - src_order: FCR, src_shape: (50, 80, 72), dst_order: FCR, dst_shape: (50, 80, 65))
[2026-08-28 21:20:32.860] [16756] [HailoRT] [info] [edge_elements.cpp:187] [create] Created (LastAsyncEl0PostInferEl1AsyncHwEl)
[2026-08-28 21:20:32.860] [16756] [HailoRT] [info] [queue_elements.cpp:450] [create] Created (PushQEl0AsyncHwEl | timeout: 10s)
[2026-08-28 21:20:32.860] [16756] [HailoRT] [info] [filter_elements.cpp:372] [create] Created (PostInferEl0AsyncHwEl | Quantization - src_type: UINT8, dst_type FLOAT32, limvals_min: -893.941, limvals_max: 782.198)
[2026-08-28 21:20:32.860] [16756] [HailoRT] [info] [edge_elements.cpp:187] [create] Created (LastAsyncEl0PostInferEl0AsyncHwEl)
[2026-08-28 21:20:32.860] [16756] [HailoRT] [info] [pipeline.cpp:891] [print_deep_description] EntryPushQEl0superpoint/input_layer1 | inputs: user | outputs: AsyncHwEl(running in thread_id: 16787)
[2026-08-28 21:20:32.860] [16756] [HailoRT] [info] [pipeline.cpp:891] [print_deep_description] AsyncHwEl | inputs: EntryPushQEl0superpoint/input_layer1[0] | outputs: PushQEl0AsyncHwEl PushQEl1AsyncHwEl
[2026-08-28 21:20:32.860] [16756] [HailoRT] [info] [pipeline.cpp:891] [print_deep_description] PushQEl0AsyncHwEl | inputs: AsyncHwEl[0] | outputs: PostInferEl0AsyncHwEl(running in thread_id: 16789)
[2026-08-28 21:20:32.860] [16756] [HailoRT] [info] [pipeline.cpp:891] [print_deep_description] PostInferEl0AsyncHwEl | inputs: PushQEl0AsyncHwEl[0] | outputs: LastAsyncEl0PostInferEl0AsyncHwEl
[2026-08-28 21:20:32.860] [16756] [HailoRT] [info] [pipeline.cpp:891] [print_deep_description] LastAsyncEl0PostInferEl0AsyncHwEl | inputs: PostInferEl0AsyncHwEl[0] | outputs: user
[2026-08-28 21:20:32.860] [16756] [HailoRT] [info] [pipeline.cpp:891] [print_deep_description] PushQEl1AsyncHwEl | inputs: AsyncHwEl[0] | outputs: PostInferEl1AsyncHwEl(running in thread_id: 16788)
[2026-08-28 21:20:32.860] [16756] [HailoRT] [info] [pipeline.cpp:891] [print_deep_description] PostInferEl1AsyncHwEl | inputs: PushQEl1AsyncHwEl[0] | outputs: LastAsyncEl0PostInferEl1AsyncHwEl
[2026-08-28 21:20:32.860] [16756] [HailoRT] [info] [pipeline.cpp:891] [print_deep_description] LastAsyncEl0PostInferEl1AsyncHwEl | inputs: PostInferEl1AsyncHwEl[0] | outputs: user
[2026-08-28 21:24:58.706] [16756] [HailoRT] [info] [async_infer_runner.cpp:86] [shutdown] Pipeline was aborted. Shutting it down
[2026-08-28 21:24:58.706] [16756] [HailoRT] [info] [async_infer_runner.cpp:86] [shutdown] Pipeline was aborted. Shutting it down
[2026-08-28 21:24:58.706] [16756] [HailoRT] [info] [async_infer_runner.cpp:86] [shutdown] Pipeline was aborted. Shutting it down
[2026-08-28 21:24:58.706] [16756] [HailoRT] [info] [queue_elements.cpp:570] [execute_deactivate] enqueue() in element PushQEl0AsyncHwEl was aborted, got status = HAILO_SHUTDOWN_EVENT_SIGNALED(57)
[2026-08-28 21:24:58.706] [16756] [HailoRT] [info] [queue_elements.cpp:570] [execute_deactivate] enqueue() in element PushQEl1AsyncHwEl was aborted, got status = HAILO_SHUTDOWN_EVENT_SIGNALED(57)
[2026-08-28 21:24:58.706] [16756] [HailoRT] [info] [queue_elements.cpp:570] [execute_deactivate] enqueue() in element EntryPushQEl0superpoint/input_layer1 was aborted, got status = HAILO_SHUTDOWN_EVENT_SIGNALED(57)
[2026-08-28 21:24:58.706] [16756] [HailoRT] [info] [queue_elements.cpp:46] [~BaseQueueElement] Queue element EntryPushQEl0superpoint/input_layer1 has 0 frames in his Queue on destruction
[2026-08-28 21:24:58.706] [16756] [HailoRT] [info] [queue_elements.cpp:46] [~BaseQueueElement] Queue element PushQEl1AsyncHwEl has 0 frames in his Queue on destruction
[2026-08-28 21:24:58.707] [16756] [HailoRT] [info] [queue_elements.cpp:46] [~BaseQueueElement] Queue element PushQEl0AsyncHwEl has 0 frames in his Queue on destruction
[2026-08-28 21:25:01.087] [17394] [HailoRT] [info] [vdevice.cpp:535] [create] Creating vdevice with params: device_count: 1, scheduling_algorithm: ROUND_ROBIN, multi_process_service: false
[2026-08-28 21:25:01.099] [17394] [HailoRT] [info] [device.cpp:51] [Device] OS Version: Linux 6.18.34+rpt-rpi-2712 #1 SMP PREEMPT Debian 1:6.18.34-1+rpt1 (2026-06-09) aarch64
[2026-08-28 21:25:01.099] [17394] [HailoRT] [info] [control.cpp:113] [control__parse_identify_results] firmware_version is: 4.23.0
[2026-08-28 21:25:01.099] [17394] [HailoRT] [info] [vdevice.cpp:682] [create] VDevice Infos: 0001:01:00.0
[2026-08-28 21:25:01.101] [17394] [HailoRT] [info] [hef.cpp:1994] [get_network_group_and_network_name] No name was given. Addressing all networks of default network_group: superpoint
[2026-08-28 21:25:01.101] [17394] [HailoRT] [info] [hef.cpp:1994] [get_network_group_and_network_name] No name was given. Addressing all networks of default network_group: superpoint
[2026-08-28 21:25:01.108] [17394] [HailoRT] [info] [internal_buffer_manager.cpp:75] [print_execution_results] Default Internal buffer planner failed to meet requirements
[2026-08-28 21:25:01.108] [17394] [HailoRT] [info] [internal_buffer_manager.cpp:86] [print_execution_results] Default Internal buffer planner executed successfully
[2026-08-28 21:25:01.116] [17394] [HailoRT] [info] [device_internal.cpp:57] [configure] Configuring HEF took 14.240027 milliseconds
[2026-08-28 21:25:01.116] [17394] [HailoRT] [info] [vdevice.cpp:780] [configure] Configuring HEF on VDevice took 14.507858 milliseconds
[2026-08-28 21:25:01.116] [17394] [HailoRT] [info] [infer_model.cpp:417] [configure] Configuring network group 'superpoint' with params: batch size: 0, power mode: PERFORMANCE, latency: NONE
[2026-08-28 21:25:01.116] [17394] [HailoRT] [info] [multi_io_elements.cpp:754] [create] Created (AsyncHwEl)
[2026-08-28 21:25:01.116] [17394] [HailoRT] [info] [queue_elements.cpp:450] [create] Created (EntryPushQEl0superpoint/input_layer1 | timeout: 10s)
[2026-08-28 21:25:01.116] [17394] [HailoRT] [info] [queue_elements.cpp:450] [create] Created (PushQEl1AsyncHwEl | timeout: 10s)
[2026-08-28 21:25:01.116] [17394] [HailoRT] [info] [filter_elements.cpp:372] [create] Created (PostInferEl1AsyncHwEl | Quantization - src_type: UINT8, dst_type FLOAT32, limvals_min: -61.1455, limvals_max: 21.3524 | Reorder - src_order: FCR, src_shape: (50, 80, 72), dst_order: FCR, dst_shape: (50, 80, 65))
[2026-08-28 21:25:01.116] [17394] [HailoRT] [info] [edge_elements.cpp:187] [create] Created (LastAsyncEl0PostInferEl1AsyncHwEl)
[2026-08-28 21:25:01.116] [17394] [HailoRT] [info] [queue_elements.cpp:450] [create] Created (PushQEl0AsyncHwEl | timeout: 10s)
[2026-08-28 21:25:01.116] [17394] [HailoRT] [info] [filter_elements.cpp:372] [create] Created (PostInferEl0AsyncHwEl | Quantization - src_type: UINT8, dst_type FLOAT32, limvals_min: -893.941, limvals_max: 782.198)
[2026-08-28 21:25:01.116] [17394] [HailoRT] [info] [edge_elements.cpp:187] [create] Created (LastAsyncEl0PostInferEl0AsyncHwEl)
[2026-08-28 21:25:01.116] [17394] [HailoRT] [info] [pipeline.cpp:891] [print_deep_description] EntryPushQEl0superpoint/input_layer1 | inputs: user | outputs: AsyncHwEl(running in thread_id: 17418)
[2026-08-28 21:25:01.116] [17394] [HailoRT] [info] [pipeline.cpp:891] [print_deep_description] AsyncHwEl | inputs: EntryPushQEl0superpoint/input_layer1[0] | outputs: PushQEl0AsyncHwEl PushQEl1AsyncHwEl
[2026-08-28 21:25:01.116] [17394] [HailoRT] [info] [pipeline.cpp:891] [print_deep_description] PushQEl0AsyncHwEl | inputs: AsyncHwEl[0] | outputs: PostInferEl0AsyncHwEl(running in thread_id: 17420)
[2026-08-28 21:25:01.116] [17394] [HailoRT] [info] [pipeline.cpp:891] [print_deep_description] PostInferEl0AsyncHwEl | inputs: PushQEl0AsyncHwEl[0] | outputs: LastAsyncEl0PostInferEl0AsyncHwEl
[2026-08-28 21:25:01.116] [17394] [HailoRT] [info] [pipeline.cpp:891] [print_deep_description] LastAsyncEl0PostInferEl0AsyncHwEl | inputs: PostInferEl0AsyncHwEl[0] | outputs: user
[2026-08-28 21:25:01.116] [17394] [HailoRT] [info] [pipeline.cpp:891] [print_deep_description] PushQEl1AsyncHwEl | inputs: AsyncHwEl[0] | outputs: PostInferEl1AsyncHwEl(running in thread_id: 17419)
[2026-08-28 21:25:01.116] [17394] [HailoRT] [info] [pipeline.cpp:891] [print_deep_description] PostInferEl1AsyncHwEl | inputs: PushQEl1AsyncHwEl[0] | outputs: LastAsyncEl0PostInferEl1AsyncHwEl
[2026-08-28 21:25:01.116] [17394] [HailoRT] [info] [pipeline.cpp:891] [print_deep_description] LastAsyncEl0PostInferEl1AsyncHwEl | inputs: PostInferEl1AsyncHwEl[0] | outputs: user
[2026-08-28 21:36:32.950] [17394] [HailoRT] [info] [async_infer_runner.cpp:86] [shutdown] Pipeline was aborted. Shutting it down
[2026-08-28 21:36:32.950] [17394] [HailoRT] [info] [async_infer_runner.cpp:86] [shutdown] Pipeline was aborted. Shutting it down
[2026-08-28 21:36:32.950] [17394] [HailoRT] [info] [async_infer_runner.cpp:86] [shutdown] Pipeline was aborted. Shutting it down
[2026-08-28 21:36:32.950] [17394] [HailoRT] [info] [queue_elements.cpp:570] [execute_deactivate] enqueue() in element PushQEl0AsyncHwEl was aborted, got status = HAILO_SHUTDOWN_EVENT_SIGNALED(57)
[2026-08-28 21:36:32.950] [17394] [HailoRT] [info] [queue_elements.cpp:570] [execute_deactivate] enqueue() in element PushQEl1AsyncHwEl was aborted, got status = HAILO_SHUTDOWN_EVENT_SIGNALED(57)
[2026-08-28 21:36:32.950] [17394] [HailoRT] [info] [queue_elements.cpp:570] [execute_deactivate] enqueue() in element EntryPushQEl0superpoint/input_layer1 was aborted, got status = HAILO_SHUTDOWN_EVENT_SIGNALED(57)
[2026-08-28 21:36:32.950] [17394] [HailoRT] [info] [queue_elements.cpp:46] [~BaseQueueElement] Queue element EntryPushQEl0superpoint/input_layer1 has 0 frames in his Queue on destruction
[2026-08-28 21:36:32.950] [17394] [HailoRT] [info] [queue_elements.cpp:46] [~BaseQueueElement] Queue element PushQEl1AsyncHwEl has 0 frames in his Queue on destruction
[2026-08-28 21:36:32.951] [17394] [HailoRT] [info] [queue_elements.cpp:46] [~BaseQueueElement] Queue element PushQEl0AsyncHwEl has 0 frames in his Queue on destruction
[2026-08-28 21:36:35.281] [18808] [HailoRT] [info] [vdevice.cpp:535] [create] Creating vdevice with params: device_count: 1, scheduling_algorithm: ROUND_ROBIN, multi_process_service: false
[2026-08-28 21:36:35.293] [18808] [HailoRT] [info] [device.cpp:51] [Device] OS Version: Linux 6.18.34+rpt-rpi-2712 #1 SMP PREEMPT Debian 1:6.18.34-1+rpt1 (2026-06-09) aarch64
[2026-08-28 21:36:35.293] [18808] [HailoRT] [info] [control.cpp:113] [control__parse_identify_results] firmware_version is: 4.23.0
[2026-08-28 21:36:35.293] [18808] [HailoRT] [info] [vdevice.cpp:682] [create] VDevice Infos: 0001:01:00.0
[2026-08-28 21:36:35.295] [18808] [HailoRT] [info] [hef.cpp:1994] [get_network_group_and_network_name] No name was given. Addressing all networks of default network_group: superpoint
[2026-08-28 21:36:35.295] [18808] [HailoRT] [info] [hef.cpp:1994] [get_network_group_and_network_name] No name was given. Addressing all networks of default network_group: superpoint
[2026-08-28 21:36:35.300] [18808] [HailoRT] [info] [internal_buffer_manager.cpp:75] [print_execution_results] Default Internal buffer planner failed to meet requirements
[2026-08-28 21:36:35.300] [18808] [HailoRT] [info] [internal_buffer_manager.cpp:86] [print_execution_results] Default Internal buffer planner executed successfully
[2026-08-28 21:36:35.308] [18808] [HailoRT] [info] [device_internal.cpp:57] [configure] Configuring HEF took 12.658596 milliseconds
[2026-08-28 21:36:35.308] [18808] [HailoRT] [info] [vdevice.cpp:780] [configure] Configuring HEF on VDevice took 13.029755 milliseconds
[2026-08-28 21:36:35.308] [18808] [HailoRT] [info] [infer_model.cpp:417] [configure] Configuring network group 'superpoint' with params: batch size: 0, power mode: PERFORMANCE, latency: NONE
[2026-08-28 21:36:35.308] [18808] [HailoRT] [info] [multi_io_elements.cpp:754] [create] Created (AsyncHwEl)
[2026-08-28 21:36:35.309] [18808] [HailoRT] [info] [queue_elements.cpp:450] [create] Created (EntryPushQEl0superpoint/input_layer1 | timeout: 10s)
[2026-08-28 21:36:35.309] [18808] [HailoRT] [info] [queue_elements.cpp:450] [create] Created (PushQEl1AsyncHwEl | timeout: 10s)
[2026-08-28 21:36:35.309] [18808] [HailoRT] [info] [filter_elements.cpp:372] [create] Created (PostInferEl1AsyncHwEl | Quantization - src_type: UINT8, dst_type FLOAT32, limvals_min: -61.1455, limvals_max: 21.3524 | Reorder - src_order: FCR, src_shape: (50, 80, 72), dst_order: FCR, dst_shape: (50, 80, 65))
[2026-08-28 21:36:35.309] [18808] [HailoRT] [info] [edge_elements.cpp:187] [create] Created (LastAsyncEl0PostInferEl1AsyncHwEl)
[2026-08-28 21:36:35.309] [18808] [HailoRT] [info] [queue_elements.cpp:450] [create] Created (PushQEl0AsyncHwEl | timeout: 10s)
[2026-08-28 21:36:35.309] [18808] [HailoRT] [info] [filter_elements.cpp:372] [create] Created (PostInferEl0AsyncHwEl | Quantization - src_type: UINT8, dst_type FLOAT32, limvals_min: -893.941, limvals_max: 782.198)
[2026-08-28 21:36:35.309] [18808] [HailoRT] [info] [edge_elements.cpp:187] [create] Created (LastAsyncEl0PostInferEl0AsyncHwEl)
[2026-08-28 21:36:35.309] [18808] [HailoRT] [info] [pipeline.cpp:891] [print_deep_description] EntryPushQEl0superpoint/input_layer1 | inputs: user | outputs: AsyncHwEl(running in thread_id: 18839)
[2026-08-28 21:36:35.309] [18808] [HailoRT] [info] [pipeline.cpp:891] [print_deep_description] AsyncHwEl | inputs: EntryPushQEl0superpoint/input_layer1[0] | outputs: PushQEl0AsyncHwEl PushQEl1AsyncHwEl
[2026-08-28 21:36:35.309] [18808] [HailoRT] [info] [pipeline.cpp:891] [print_deep_description] PushQEl0AsyncHwEl | inputs: AsyncHwEl[0] | outputs: PostInferEl0AsyncHwEl(running in thread_id: 18841)
[2026-08-28 21:36:35.309] [18808] [HailoRT] [info] [pipeline.cpp:891] [print_deep_description] PostInferEl0AsyncHwEl | inputs: PushQEl0AsyncHwEl[0] | outputs: LastAsyncEl0PostInferEl0AsyncHwEl
[2026-08-28 21:36:35.309] [18808] [HailoRT] [info] [pipeline.cpp:891] [print_deep_description] LastAsyncEl0PostInferEl0AsyncHwEl | inputs: PostInferEl0AsyncHwEl[0] | outputs: user
[2026-08-28 21:36:35.309] [18808] [HailoRT] [info] [pipeline.cpp:891] [print_deep_description] PushQEl1AsyncHwEl | inputs: AsyncHwEl[0] | outputs: PostInferEl1AsyncHwEl(running in thread_id: 18840)
[2026-08-28 21:36:35.309] [18808] [HailoRT] [info] [pipeline.cpp:891] [print_deep_description] PostInferEl1AsyncHwEl | inputs: PushQEl1AsyncHwEl[0] | outputs: LastAsyncEl0PostInferEl1AsyncHwEl
[2026-08-28 21:36:35.309] [18808] [HailoRT] [info] [pipeline.cpp:891] [print_deep_description] LastAsyncEl0PostInferEl1AsyncHwEl | inputs: PostInferEl1AsyncHwEl[0] | outputs: user
[2026-08-28 21:40:29.533] [18808] [HailoRT] [info] [async_infer_runner.cpp:86] [shutdown] Pipeline was aborted. Shutting it down
[2026-08-28 21:40:29.535] [18808] [HailoRT] [info] [async_infer_runner.cpp:86] [shutdown] Pipeline was aborted. Shutting it down
[2026-08-28 21:40:29.535] [18808] [HailoRT] [info] [async_infer_runner.cpp:86] [shutdown] Pipeline was aborted. Shutting it down
[2026-08-28 21:40:29.535] [18808] [HailoRT] [info] [queue_elements.cpp:570] [execute_deactivate] enqueue() in element PushQEl0AsyncHwEl was aborted, got status = HAILO_SHUTDOWN_EVENT_SIGNALED(57)
[2026-08-28 21:40:29.535] [18808] [HailoRT] [info] [queue_elements.cpp:570] [execute_deactivate] enqueue() in element PushQEl1AsyncHwEl was aborted, got status = HAILO_SHUTDOWN_EVENT_SIGNALED(57)
[2026-08-28 21:40:29.535] [18808] [HailoRT] [info] [queue_elements.cpp:570] [execute_deactivate] enqueue() in element EntryPushQEl0superpoint/input_layer1 was aborted, got status = HAILO_SHUTDOWN_EVENT_SIGNALED(57)
[2026-08-28 21:40:29.535] [18808] [HailoRT] [info] [queue_elements.cpp:46] [~BaseQueueElement] Queue element EntryPushQEl0superpoint/input_layer1 has 0 frames in his Queue on destruction
[2026-08-28 21:40:29.535] [18808] [HailoRT] [info] [queue_elements.cpp:46] [~BaseQueueElement] Queue element PushQEl1AsyncHwEl has 0 frames in his Queue on destruction
[2026-08-28 21:40:29.535] [18808] [HailoRT] [info] [queue_elements.cpp:46] [~BaseQueueElement] Queue element PushQEl0AsyncHwEl has 0 frames in his Queue on destruction
[2026-08-28 21:40:31.743] [19462] [HailoRT] [info] [vdevice.cpp:535] [create] Creating vdevice with params: device_count: 1, scheduling_algorithm: ROUND_ROBIN, multi_process_service: false
[2026-08-28 21:40:31.755] [19462] [HailoRT] [info] [device.cpp:51] [Device] OS Version: Linux 6.18.34+rpt-rpi-2712 #1 SMP PREEMPT Debian 1:6.18.34-1+rpt1 (2026-06-09) aarch64
[2026-08-28 21:40:31.755] [19462] [HailoRT] [info] [control.cpp:113] [control__parse_identify_results] firmware_version is: 4.23.0
[2026-08-28 21:40:31.755] [19462] [HailoRT] [info] [vdevice.cpp:682] [create] VDevice Infos: 0001:01:00.0
[2026-08-28 21:40:31.757] [19462] [HailoRT] [info] [hef.cpp:1994] [get_network_group_and_network_name] No name was given. Addressing all networks of default network_group: superpoint
[2026-08-28 21:40:31.757] [19462] [HailoRT] [info] [hef.cpp:1994] [get_network_group_and_network_name] No name was given. Addressing all networks of default network_group: superpoint
[2026-08-28 21:40:31.763] [19462] [HailoRT] [info] [internal_buffer_manager.cpp:75] [print_execution_results] Default Internal buffer planner failed to meet requirements
[2026-08-28 21:40:31.763] [19462] [HailoRT] [info] [internal_buffer_manager.cpp:86] [print_execution_results] Default Internal buffer planner executed successfully
[2026-08-28 21:40:31.769] [19462] [HailoRT] [info] [device_internal.cpp:57] [configure] Configuring HEF took 11.766349 milliseconds
[2026-08-28 21:40:31.769] [19462] [HailoRT] [info] [vdevice.cpp:780] [configure] Configuring HEF on VDevice took 12.030845 milliseconds
[2026-08-28 21:40:31.769] [19462] [HailoRT] [info] [infer_model.cpp:417] [configure] Configuring network group 'superpoint' with params: batch size: 0, power mode: PERFORMANCE, latency: NONE
[2026-08-28 21:40:31.769] [19462] [HailoRT] [info] [multi_io_elements.cpp:754] [create] Created (AsyncHwEl)
[2026-08-28 21:40:31.769] [19462] [HailoRT] [info] [queue_elements.cpp:450] [create] Created (EntryPushQEl0superpoint/input_layer1 | timeout: 10s)
[2026-08-28 21:40:31.770] [19462] [HailoRT] [info] [queue_elements.cpp:450] [create] Created (PushQEl1AsyncHwEl | timeout: 10s)
[2026-08-28 21:40:31.770] [19462] [HailoRT] [info] [filter_elements.cpp:372] [create] Created (PostInferEl1AsyncHwEl | Quantization - src_type: UINT8, dst_type FLOAT32, limvals_min: -61.1455, limvals_max: 21.3524 | Reorder - src_order: FCR, src_shape: (50, 80, 72), dst_order: FCR, dst_shape: (50, 80, 65))
[2026-08-28 21:40:31.770] [19462] [HailoRT] [info] [edge_elements.cpp:187] [create] Created (LastAsyncEl0PostInferEl1AsyncHwEl)
[2026-08-28 21:40:31.770] [19462] [HailoRT] [info] [queue_elements.cpp:450] [create] Created (PushQEl0AsyncHwEl | timeout: 10s)
[2026-08-28 21:40:31.770] [19462] [HailoRT] [info] [filter_elements.cpp:372] [create] Created (PostInferEl0AsyncHwEl | Quantization - src_type: UINT8, dst_type FLOAT32, limvals_min: -893.941, limvals_max: 782.198)
[2026-08-28 21:40:31.770] [19462] [HailoRT] [info] [edge_elements.cpp:187] [create] Created (LastAsyncEl0PostInferEl0AsyncHwEl)
[2026-08-28 21:40:31.770] [19462] [HailoRT] [info] [pipeline.cpp:891] [print_deep_description] EntryPushQEl0superpoint/input_layer1 | inputs: user | outputs: AsyncHwEl(running in thread_id: 19486)
[2026-08-28 21:40:31.770] [19462] [HailoRT] [info] [pipeline.cpp:891] [print_deep_description] AsyncHwEl | inputs: EntryPushQEl0superpoint/input_layer1[0] | outputs: PushQEl0AsyncHwEl PushQEl1AsyncHwEl
[2026-08-28 21:40:31.770] [19462] [HailoRT] [info] [pipeline.cpp:891] [print_deep_description] PushQEl0AsyncHwEl | inputs: AsyncHwEl[0] | outputs: PostInferEl0AsyncHwEl(running in thread_id: 19488)
[2026-08-28 21:40:31.770] [19462] [HailoRT] [info] [pipeline.cpp:891] [print_deep_description] PostInferEl0AsyncHwEl | inputs: PushQEl0AsyncHwEl[0] | outputs: LastAsyncEl0PostInferEl0AsyncHwEl
[2026-08-28 21:40:31.770] [19462] [HailoRT] [info] [pipeline.cpp:891] [print_deep_description] LastAsyncEl0PostInferEl0AsyncHwEl | inputs: PostInferEl0AsyncHwEl[0] | outputs: user
[2026-08-28 21:40:31.770] [19462] [HailoRT] [info] [pipeline.cpp:891] [print_deep_description] PushQEl1AsyncHwEl | inputs: AsyncHwEl[0] | outputs: PostInferEl1AsyncHwEl(running in thread_id: 19487)
[2026-08-28 21:40:31.770] [19462] [HailoRT] [info] [pipeline.cpp:891] [print_deep_description] PostInferEl1AsyncHwEl | inputs: PushQEl1AsyncHwEl[0] | outputs: LastAsyncEl0PostInferEl1AsyncHwEl
[2026-08-28 21:40:31.770] [19462] [HailoRT] [info] [pipeline.cpp:891] [print_deep_description] LastAsyncEl0PostInferEl1AsyncHwEl | inputs: PostInferEl1AsyncHwEl[0] | outputs: user
[2026-08-28 21:43:37.774] [19462] [HailoRT] [info] [async_infer_runner.cpp:86] [shutdown] Pipeline was aborted. Shutting it down
[2026-08-28 21:43:37.774] [19462] [HailoRT] [info] [async_infer_runner.cpp:86] [shutdown] Pipeline was aborted. Shutting it down
[2026-08-28 21:43:37.774] [19462] [HailoRT] [info] [async_infer_runner.cpp:86] [shutdown] Pipeline was aborted. Shutting it down
[2026-08-28 21:43:37.774] [19462] [HailoRT] [info] [queue_elements.cpp:570] [execute_deactivate] enqueue() in element PushQEl0AsyncHwEl was aborted, got status = HAILO_SHUTDOWN_EVENT_SIGNALED(57)
[2026-08-28 21:43:37.775] [19462] [HailoRT] [info] [queue_elements.cpp:570] [execute_deactivate] enqueue() in element PushQEl1AsyncHwEl was aborted, got status = HAILO_SHUTDOWN_EVENT_SIGNALED(57)
[2026-08-28 21:43:37.775] [19462] [HailoRT] [info] [queue_elements.cpp:570] [execute_deactivate] enqueue() in element EntryPushQEl0superpoint/input_layer1 was aborted, got status = HAILO_SHUTDOWN_EVENT_SIGNALED(57)
[2026-08-28 21:43:37.775] [19462] [HailoRT] [info] [queue_elements.cpp:46] [~BaseQueueElement] Queue element EntryPushQEl0superpoint/input_layer1 has 0 frames in his Queue on destruction
[2026-08-28 21:43:37.775] [19462] [HailoRT] [info] [queue_elements.cpp:46] [~BaseQueueElement] Queue element PushQEl1AsyncHwEl has 0 frames in his Queue on destruction
[2026-08-28 21:43:37.775] [19462] [HailoRT] [info] [queue_elements.cpp:46] [~BaseQueueElement] Queue element PushQEl0AsyncHwEl has 0 frames in his Queue on destruction
[2026-08-28 21:43:40.163] [20062] [HailoRT] [info] [vdevice.cpp:535] [create] Creating vdevice with params: device_count: 1, scheduling_algorithm: ROUND_ROBIN, multi_process_service: false
[2026-08-28 21:43:40.175] [20062] [HailoRT] [info] [device.cpp:51] [Device] OS Version: Linux 6.18.34+rpt-rpi-2712 #1 SMP PREEMPT Debian 1:6.18.34-1+rpt1 (2026-06-09) aarch64
[2026-08-28 21:43:40.175] [20062] [HailoRT] [info] [control.cpp:113] [control__parse_identify_results] firmware_version is: 4.23.0
[2026-08-28 21:43:40.175] [20062] [HailoRT] [info] [vdevice.cpp:682] [create] VDevice Infos: 0001:01:00.0
[2026-08-28 21:43:40.177] [20062] [HailoRT] [info] [hef.cpp:1994] [get_network_group_and_network_name] No name was given. Addressing all networks of default network_group: superpoint
[2026-08-28 21:43:40.177] [20062] [HailoRT] [info] [hef.cpp:1994] [get_network_group_and_network_name] No name was given. Addressing all networks of default network_group: superpoint
[2026-08-28 21:43:40.183] [20062] [HailoRT] [info] [internal_buffer_manager.cpp:75] [print_execution_results] Default Internal buffer planner failed to meet requirements
[2026-08-28 21:43:40.183] [20062] [HailoRT] [info] [internal_buffer_manager.cpp:86] [print_execution_results] Default Internal buffer planner executed successfully
[2026-08-28 21:43:40.192] [20062] [HailoRT] [info] [device_internal.cpp:57] [configure] Configuring HEF took 14.715156 milliseconds
[2026-08-28 21:43:40.192] [20062] [HailoRT] [info] [vdevice.cpp:780] [configure] Configuring HEF on VDevice took 14.994264 milliseconds
[2026-08-28 21:43:40.192] [20062] [HailoRT] [info] [infer_model.cpp:417] [configure] Configuring network group 'superpoint' with params: batch size: 0, power mode: PERFORMANCE, latency: NONE
[2026-08-28 21:43:40.192] [20062] [HailoRT] [info] [multi_io_elements.cpp:754] [create] Created (AsyncHwEl)
[2026-08-28 21:43:40.192] [20062] [HailoRT] [info] [queue_elements.cpp:450] [create] Created (EntryPushQEl0superpoint/input_layer1 | timeout: 10s)
[2026-08-28 21:43:40.192] [20062] [HailoRT] [info] [queue_elements.cpp:450] [create] Created (PushQEl1AsyncHwEl | timeout: 10s)
[2026-08-28 21:43:40.193] [20062] [HailoRT] [info] [filter_elements.cpp:372] [create] Created (PostInferEl1AsyncHwEl | Quantization - src_type: UINT8, dst_type FLOAT32, limvals_min: -61.1455, limvals_max: 21.3524 | Reorder - src_order: FCR, src_shape: (50, 80, 72), dst_order: FCR, dst_shape: (50, 80, 65))
[2026-08-28 21:43:40.193] [20062] [HailoRT] [info] [edge_elements.cpp:187] [create] Created (LastAsyncEl0PostInferEl1AsyncHwEl)
[2026-08-28 21:43:40.193] [20062] [HailoRT] [info] [queue_elements.cpp:450] [create] Created (PushQEl0AsyncHwEl | timeout: 10s)
[2026-08-28 21:43:40.193] [20062] [HailoRT] [info] [filter_elements.cpp:372] [create] Created (PostInferEl0AsyncHwEl | Quantization - src_type: UINT8, dst_type FLOAT32, limvals_min: -893.941, limvals_max: 782.198)
[2026-08-28 21:43:40.193] [20062] [HailoRT] [info] [edge_elements.cpp:187] [create] Created (LastAsyncEl0PostInferEl0AsyncHwEl)
[2026-08-28 21:43:40.193] [20062] [HailoRT] [info] [pipeline.cpp:891] [print_deep_description] EntryPushQEl0superpoint/input_layer1 | inputs: user | outputs: AsyncHwEl(running in thread_id: 20086)
[2026-08-28 21:43:40.193] [20062] [HailoRT] [info] [pipeline.cpp:891] [print_deep_description] AsyncHwEl | inputs: EntryPushQEl0superpoint/input_layer1[0] | outputs: PushQEl0AsyncHwEl PushQEl1AsyncHwEl
[2026-08-28 21:43:40.193] [20062] [HailoRT] [info] [pipeline.cpp:891] [print_deep_description] PushQEl0AsyncHwEl | inputs: AsyncHwEl[0] | outputs: PostInferEl0AsyncHwEl(running in thread_id: 20088)
[2026-08-28 21:43:40.193] [20062] [HailoRT] [info] [pipeline.cpp:891] [print_deep_description] PostInferEl0AsyncHwEl | inputs: PushQEl0AsyncHwEl[0] | outputs: LastAsyncEl0PostInferEl0AsyncHwEl
[2026-08-28 21:43:40.193] [20062] [HailoRT] [info] [pipeline.cpp:891] [print_deep_description] LastAsyncEl0PostInferEl0AsyncHwEl | inputs: PostInferEl0AsyncHwEl[0] | outputs: user
[2026-08-28 21:43:40.193] [20062] [HailoRT] [info] [pipeline.cpp:891] [print_deep_description] PushQEl1AsyncHwEl | inputs: AsyncHwEl[0] | outputs: PostInferEl1AsyncHwEl(running in thread_id: 20087)
[2026-08-28 21:43:40.193] [20062] [HailoRT] [info] [pipeline.cpp:891] [print_deep_description] PostInferEl1AsyncHwEl | inputs: PushQEl1AsyncHwEl[0] | outputs: LastAsyncEl0PostInferEl1AsyncHwEl
[2026-08-28 21:43:40.193] [20062] [HailoRT] [info] [pipeline.cpp:891] [print_deep_description] LastAsyncEl0PostInferEl1AsyncHwEl | inputs: PostInferEl1AsyncHwEl[0] | outputs: user
[2026-08-28 21:46:28.071] [20062] [HailoRT] [info] [async_infer_runner.cpp:86] [shutdown] Pipeline was aborted. Shutting it down
[2026-08-28 21:46:28.075] [20062] [HailoRT] [info] [async_infer_runner.cpp:86] [shutdown] Pipeline was aborted. Shutting it down
[2026-08-28 21:46:28.075] [20062] [HailoRT] [info] [async_infer_runner.cpp:86] [shutdown] Pipeline was aborted. Shutting it down
[2026-08-28 21:46:28.075] [20062] [HailoRT] [info] [queue_elements.cpp:570] [execute_deactivate] enqueue() in element PushQEl0AsyncHwEl was aborted, got status = HAILO_SHUTDOWN_EVENT_SIGNALED(57)
[2026-08-28 21:46:28.075] [20062] [HailoRT] [info] [queue_elements.cpp:570] [execute_deactivate] enqueue() in element PushQEl1AsyncHwEl was aborted, got status = HAILO_SHUTDOWN_EVENT_SIGNALED(57)
[2026-08-28 21:46:28.075] [20062] [HailoRT] [info] [queue_elements.cpp:570] [execute_deactivate] enqueue() in element EntryPushQEl0superpoint/input_layer1 was aborted, got status = HAILO_SHUTDOWN_EVENT_SIGNALED(57)
[2026-08-28 21:46:28.075] [20062] [HailoRT] [info] [queue_elements.cpp:46] [~BaseQueueElement] Queue element EntryPushQEl0superpoint/input_layer1 has 0 frames in his Queue on destruction
[2026-08-28 21:46:28.075] [20062] [HailoRT] [info] [queue_elements.cpp:46] [~BaseQueueElement] Queue element PushQEl1AsyncHwEl has 0 frames in his Queue on destruction
[2026-08-28 21:46:28.076] [20062] [HailoRT] [info] [queue_elements.cpp:46] [~BaseQueueElement] Queue element PushQEl0AsyncHwEl has 0 frames in his Queue on destruction
[2026-08-28 21:46:30.468] [20534] [HailoRT] [info] [vdevice.cpp:535] [create] Creating vdevice with params: device_count: 1, scheduling_algorithm: ROUND_ROBIN, multi_process_service: false
[2026-08-28 21:46:30.479] [20534] [HailoRT] [info] [device.cpp:51] [Device] OS Version: Linux 6.18.34+rpt-rpi-2712 #1 SMP PREEMPT Debian 1:6.18.34-1+rpt1 (2026-06-09) aarch64
[2026-08-28 21:46:30.479] [20534] [HailoRT] [info] [control.cpp:113] [control__parse_identify_results] firmware_version is: 4.23.0
[2026-08-28 21:46:30.479] [20534] [HailoRT] [info] [vdevice.cpp:682] [create] VDevice Infos: 0001:01:00.0
[2026-08-28 21:46:30.481] [20534] [HailoRT] [info] [hef.cpp:1994] [get_network_group_and_network_name] No name was given. Addressing all networks of default network_group: superpoint
[2026-08-28 21:46:30.481] [20534] [HailoRT] [info] [hef.cpp:1994] [get_network_group_and_network_name] No name was given. Addressing all networks of default network_group: superpoint
[2026-08-28 21:46:30.486] [20534] [HailoRT] [info] [internal_buffer_manager.cpp:75] [print_execution_results] Default Internal buffer planner failed to meet requirements
[2026-08-28 21:46:30.486] [20534] [HailoRT] [info] [internal_buffer_manager.cpp:86] [print_execution_results] Default Internal buffer planner executed successfully
[2026-08-28 21:46:30.492] [20534] [HailoRT] [info] [device_internal.cpp:57] [configure] Configuring HEF took 10.867649 milliseconds
[2026-08-28 21:46:30.492] [20534] [HailoRT] [info] [vdevice.cpp:780] [configure] Configuring HEF on VDevice took 11.145774 milliseconds
[2026-08-28 21:46:30.492] [20534] [HailoRT] [info] [infer_model.cpp:417] [configure] Configuring network group 'superpoint' with params: batch size: 0, power mode: PERFORMANCE, latency: NONE
[2026-08-28 21:46:30.492] [20534] [HailoRT] [info] [multi_io_elements.cpp:754] [create] Created (AsyncHwEl)
[2026-08-28 21:46:30.492] [20534] [HailoRT] [info] [queue_elements.cpp:450] [create] Created (EntryPushQEl0superpoint/input_layer1 | timeout: 10s)
[2026-08-28 21:46:30.492] [20534] [HailoRT] [info] [queue_elements.cpp:450] [create] Created (PushQEl1AsyncHwEl | timeout: 10s)
[2026-08-28 21:46:30.492] [20534] [HailoRT] [info] [filter_elements.cpp:372] [create] Created (PostInferEl1AsyncHwEl | Quantization - src_type: UINT8, dst_type FLOAT32, limvals_min: -61.1455, limvals_max: 21.3524 | Reorder - src_order: FCR, src_shape: (50, 80, 72), dst_order: FCR, dst_shape: (50, 80, 65))
[2026-08-28 21:46:30.492] [20534] [HailoRT] [info] [edge_elements.cpp:187] [create] Created (LastAsyncEl0PostInferEl1AsyncHwEl)
[2026-08-28 21:46:30.492] [20534] [HailoRT] [info] [queue_elements.cpp:450] [create] Created (PushQEl0AsyncHwEl | timeout: 10s)
[2026-08-28 21:46:30.493] [20534] [HailoRT] [info] [filter_elements.cpp:372] [create] Created (PostInferEl0AsyncHwEl | Quantization - src_type: UINT8, dst_type FLOAT32, limvals_min: -893.941, limvals_max: 782.198)
[2026-08-28 21:46:30.493] [20534] [HailoRT] [info] [edge_elements.cpp:187] [create] Created (LastAsyncEl0PostInferEl0AsyncHwEl)
[2026-08-28 21:46:30.493] [20534] [HailoRT] [info] [pipeline.cpp:891] [print_deep_description] EntryPushQEl0superpoint/input_layer1 | inputs: user | outputs: AsyncHwEl(running in thread_id: 20558)
[2026-08-28 21:46:30.493] [20534] [HailoRT] [info] [pipeline.cpp:891] [print_deep_description] AsyncHwEl | inputs: EntryPushQEl0superpoint/input_layer1[0] | outputs: PushQEl0AsyncHwEl PushQEl1AsyncHwEl
[2026-08-28 21:46:30.493] [20534] [HailoRT] [info] [pipeline.cpp:891] [print_deep_description] PushQEl0AsyncHwEl | inputs: AsyncHwEl[0] | outputs: PostInferEl0AsyncHwEl(running in thread_id: 20560)
[2026-08-28 21:46:30.493] [20534] [HailoRT] [info] [pipeline.cpp:891] [print_deep_description] PostInferEl0AsyncHwEl | inputs: PushQEl0AsyncHwEl[0] | outputs: LastAsyncEl0PostInferEl0AsyncHwEl
[2026-08-28 21:46:30.493] [20534] [HailoRT] [info] [pipeline.cpp:891] [print_deep_description] LastAsyncEl0PostInferEl0AsyncHwEl | inputs: PostInferEl0AsyncHwEl[0] | outputs: user
[2026-08-28 21:46:30.493] [20534] [HailoRT] [info] [pipeline.cpp:891] [print_deep_description] PushQEl1AsyncHwEl | inputs: AsyncHwEl[0] | outputs: PostInferEl1AsyncHwEl(running in thread_id: 20559)
[2026-08-28 21:46:30.493] [20534] [HailoRT] [info] [pipeline.cpp:891] [print_deep_description] PostInferEl1AsyncHwEl | inputs: PushQEl1AsyncHwEl[0] | outputs: LastAsyncEl0PostInferEl1AsyncHwEl
[2026-08-28 21:46:30.493] [20534] [HailoRT] [info] [pipeline.cpp:891] [print_deep_description] LastAsyncEl0PostInferEl1AsyncHwEl | inputs: PostInferEl1AsyncHwEl[0] | outputs: user
[2026-08-28 21:49:32.379] [20534] [HailoRT] [info] [async_infer_runner.cpp:86] [shutdown] Pipeline was aborted. Shutting it down
[2026-08-28 21:49:32.380] [20534] [HailoRT] [info] [async_infer_runner.cpp:86] [shutdown] Pipeline was aborted. Shutting it down
[2026-08-28 21:49:32.380] [20534] [HailoRT] [info] [async_infer_runner.cpp:86] [shutdown] Pipeline was aborted. Shutting it down
[2026-08-28 21:49:32.380] [20534] [HailoRT] [info] [queue_elements.cpp:570] [execute_deactivate] enqueue() in element PushQEl0AsyncHwEl was aborted, got status = HAILO_SHUTDOWN_EVENT_SIGNALED(57)
[2026-08-28 21:49:32.380] [20534] [HailoRT] [info] [queue_elements.cpp:570] [execute_deactivate] enqueue() in element PushQEl1AsyncHwEl was aborted, got status = HAILO_SHUTDOWN_EVENT_SIGNALED(57)
[2026-08-28 21:49:32.380] [20534] [HailoRT] [info] [queue_elements.cpp:570] [execute_deactivate] enqueue() in element EntryPushQEl0superpoint/input_layer1 was aborted, got status = HAILO_SHUTDOWN_EVENT_SIGNALED(57)
[2026-08-28 21:49:32.380] [20534] [HailoRT] [info] [queue_elements.cpp:46] [~BaseQueueElement] Queue element EntryPushQEl0superpoint/input_layer1 has 0 frames in his Queue on destruction
[2026-08-28 21:49:32.380] [20534] [HailoRT] [info] [queue_elements.cpp:46] [~BaseQueueElement] Queue element PushQEl1AsyncHwEl has 0 frames in his Queue on destruction
[2026-08-28 21:49:32.380] [20534] [HailoRT] [info] [queue_elements.cpp:46] [~BaseQueueElement] Queue element PushQEl0AsyncHwEl has 0 frames in his Queue on destruction
[2026-08-28 21:49:34.718] [21017] [HailoRT] [info] [vdevice.cpp:535] [create] Creating vdevice with params: device_count: 1, scheduling_algorithm: ROUND_ROBIN, multi_process_service: false
[2026-08-28 21:49:34.731] [21017] [HailoRT] [info] [device.cpp:51] [Device] OS Version: Linux 6.18.34+rpt-rpi-2712 #1 SMP PREEMPT Debian 1:6.18.34-1+rpt1 (2026-06-09) aarch64
[2026-08-28 21:49:34.731] [21017] [HailoRT] [info] [control.cpp:113] [control__parse_identify_results] firmware_version is: 4.23.0
[2026-08-28 21:49:34.731] [21017] [HailoRT] [info] [vdevice.cpp:682] [create] VDevice Infos: 0001:01:00.0
[2026-08-28 21:49:34.733] [21017] [HailoRT] [info] [hef.cpp:1994] [get_network_group_and_network_name] No name was given. Addressing all networks of default network_group: superpoint
[2026-08-28 21:49:34.733] [21017] [HailoRT] [info] [hef.cpp:1994] [get_network_group_and_network_name] No name was given. Addressing all networks of default network_group: superpoint
[2026-08-28 21:49:34.738] [21017] [HailoRT] [info] [internal_buffer_manager.cpp:75] [print_execution_results] Default Internal buffer planner failed to meet requirements
[2026-08-28 21:49:34.738] [21017] [HailoRT] [info] [internal_buffer_manager.cpp:86] [print_execution_results] Default Internal buffer planner executed successfully
[2026-08-28 21:49:34.744] [21017] [HailoRT] [info] [device_internal.cpp:57] [configure] Configuring HEF took 10.466495 milliseconds
[2026-08-28 21:49:34.744] [21017] [HailoRT] [info] [vdevice.cpp:780] [configure] Configuring HEF on VDevice took 10.718991 milliseconds
[2026-08-28 21:49:34.744] [21017] [HailoRT] [info] [infer_model.cpp:417] [configure] Configuring network group 'superpoint' with params: batch size: 0, power mode: PERFORMANCE, latency: NONE
[2026-08-28 21:49:34.744] [21017] [HailoRT] [info] [multi_io_elements.cpp:754] [create] Created (AsyncHwEl)
[2026-08-28 21:49:34.744] [21017] [HailoRT] [info] [queue_elements.cpp:450] [create] Created (EntryPushQEl0superpoint/input_layer1 | timeout: 10s)
[2026-08-28 21:49:34.744] [21017] [HailoRT] [info] [queue_elements.cpp:450] [create] Created (PushQEl1AsyncHwEl | timeout: 10s)
[2026-08-28 21:49:34.744] [21017] [HailoRT] [info] [filter_elements.cpp:372] [create] Created (PostInferEl1AsyncHwEl | Quantization - src_type: UINT8, dst_type FLOAT32, limvals_min: -61.1455, limvals_max: 21.3524 | Reorder - src_order: FCR, src_shape: (50, 80, 72), dst_order: FCR, dst_shape: (50, 80, 65))
[2026-08-28 21:49:34.744] [21017] [HailoRT] [info] [edge_elements.cpp:187] [create] Created (LastAsyncEl0PostInferEl1AsyncHwEl)
[2026-08-28 21:49:34.744] [21017] [HailoRT] [info] [queue_elements.cpp:450] [create] Created (PushQEl0AsyncHwEl | timeout: 10s)
[2026-08-28 21:49:34.744] [21017] [HailoRT] [info] [filter_elements.cpp:372] [create] Created (PostInferEl0AsyncHwEl | Quantization - src_type: UINT8, dst_type FLOAT32, limvals_min: -893.941, limvals_max: 782.198)
[2026-08-28 21:49:34.744] [21017] [HailoRT] [info] [edge_elements.cpp:187] [create] Created (LastAsyncEl0PostInferEl0AsyncHwEl)
[2026-08-28 21:49:34.744] [21017] [HailoRT] [info] [pipeline.cpp:891] [print_deep_description] EntryPushQEl0superpoint/input_layer1 | inputs: user | outputs: AsyncHwEl(running in thread_id: 21041)
[2026-08-28 21:49:34.744] [21017] [HailoRT] [info] [pipeline.cpp:891] [print_deep_description] AsyncHwEl | inputs: EntryPushQEl0superpoint/input_layer1[0] | outputs: PushQEl0AsyncHwEl PushQEl1AsyncHwEl
[2026-08-28 21:49:34.744] [21017] [HailoRT] [info] [pipeline.cpp:891] [print_deep_description] PushQEl0AsyncHwEl | inputs: AsyncHwEl[0] | outputs: PostInferEl0AsyncHwEl(running in thread_id: 21043)
[2026-08-28 21:49:34.744] [21017] [HailoRT] [info] [pipeline.cpp:891] [print_deep_description] PostInferEl0AsyncHwEl | inputs: PushQEl0AsyncHwEl[0] | outputs: LastAsyncEl0PostInferEl0AsyncHwEl
[2026-08-28 21:49:34.744] [21017] [HailoRT] [info] [pipeline.cpp:891] [print_deep_description] LastAsyncEl0PostInferEl0AsyncHwEl | inputs: PostInferEl0AsyncHwEl[0] | outputs: user
[2026-08-28 21:49:34.744] [21017] [HailoRT] [info] [pipeline.cpp:891] [print_deep_description] PushQEl1AsyncHwEl | inputs: AsyncHwEl[0] | outputs: PostInferEl1AsyncHwEl(running in thread_id: 21042)
[2026-08-28 21:49:34.744] [21017] [HailoRT] [info] [pipeline.cpp:891] [print_deep_description] PostInferEl1AsyncHwEl | inputs: PushQEl1AsyncHwEl[0] | outputs: LastAsyncEl0PostInferEl1AsyncHwEl
[2026-08-28 21:49:34.744] [21017] [HailoRT] [info] [pipeline.cpp:891] [print_deep_description] LastAsyncEl0PostInferEl1AsyncHwEl | inputs: PostInferEl1AsyncHwEl[0] | outputs: user
[2026-08-28 21:53:24.822] [21017] [HailoRT] [info] [async_infer_runner.cpp:86] [shutdown] Pipeline was aborted. Shutting it down
[2026-08-28 21:53:24.822] [21017] [HailoRT] [info] [async_infer_runner.cpp:86] [shutdown] Pipeline was aborted. Shutting it down
[2026-08-28 21:53:24.823] [21017] [HailoRT] [info] [async_infer_runner.cpp:86] [shutdown] Pipeline was aborted. Shutting it down
[2026-08-28 21:53:24.823] [21017] [HailoRT] [info] [queue_elements.cpp:570] [execute_deactivate] enqueue() in element PushQEl0AsyncHwEl was aborted, got status = HAILO_SHUTDOWN_EVENT_SIGNALED(57)
[2026-08-28 21:53:24.823] [21017] [HailoRT] [info] [queue_elements.cpp:570] [execute_deactivate] enqueue() in element PushQEl1AsyncHwEl was aborted, got status = HAILO_SHUTDOWN_EVENT_SIGNALED(57)
[2026-08-28 21:53:24.823] [21017] [HailoRT] [info] [queue_elements.cpp:570] [execute_deactivate] enqueue() in element EntryPushQEl0superpoint/input_layer1 was aborted, got status = HAILO_SHUTDOWN_EVENT_SIGNALED(57)
[2026-08-28 21:53:24.823] [21017] [HailoRT] [info] [queue_elements.cpp:46] [~BaseQueueElement] Queue element EntryPushQEl0superpoint/input_layer1 has 0 frames in his Queue on destruction
[2026-08-28 21:53:24.823] [21017] [HailoRT] [info] [queue_elements.cpp:46] [~BaseQueueElement] Queue element PushQEl1AsyncHwEl has 0 frames in his Queue on destruction
[2026-08-28 21:53:24.823] [21017] [HailoRT] [info] [queue_elements.cpp:46] [~BaseQueueElement] Queue element PushQEl0AsyncHwEl has 0 frames in his Queue on destruction
[2026-08-28 21:53:27.188] [21607] [HailoRT] [info] [vdevice.cpp:535] [create] Creating vdevice with params: device_count: 1, scheduling_algorithm: ROUND_ROBIN, multi_process_service: false
[2026-08-28 21:53:27.199] [21607] [HailoRT] [info] [device.cpp:51] [Device] OS Version: Linux 6.18.34+rpt-rpi-2712 #1 SMP PREEMPT Debian 1:6.18.34-1+rpt1 (2026-06-09) aarch64
[2026-08-28 21:53:27.199] [21607] [HailoRT] [info] [control.cpp:113] [control__parse_identify_results] firmware_version is: 4.23.0
[2026-08-28 21:53:27.199] [21607] [HailoRT] [info] [vdevice.cpp:682] [create] VDevice Infos: 0001:01:00.0
[2026-08-28 21:53:27.201] [21607] [HailoRT] [info] [hef.cpp:1994] [get_network_group_and_network_name] No name was given. Addressing all networks of default network_group: superpoint
[2026-08-28 21:53:27.201] [21607] [HailoRT] [info] [hef.cpp:1994] [get_network_group_and_network_name] No name was given. Addressing all networks of default network_group: superpoint
[2026-08-28 21:53:27.206] [21607] [HailoRT] [info] [internal_buffer_manager.cpp:75] [print_execution_results] Default Internal buffer planner failed to meet requirements
[2026-08-28 21:53:27.206] [21607] [HailoRT] [info] [internal_buffer_manager.cpp:86] [print_execution_results] Default Internal buffer planner executed successfully
[2026-08-28 21:53:27.212] [21607] [HailoRT] [info] [device_internal.cpp:57] [configure] Configuring HEF took 10.47339 milliseconds
[2026-08-28 21:53:27.212] [21607] [HailoRT] [info] [vdevice.cpp:780] [configure] Configuring HEF on VDevice took 10.752905 milliseconds
[2026-08-28 21:53:27.212] [21607] [HailoRT] [info] [infer_model.cpp:417] [configure] Configuring network group 'superpoint' with params: batch size: 0, power mode: PERFORMANCE, latency: NONE
[2026-08-28 21:53:27.212] [21607] [HailoRT] [info] [multi_io_elements.cpp:754] [create] Created (AsyncHwEl)
[2026-08-28 21:53:27.212] [21607] [HailoRT] [info] [queue_elements.cpp:450] [create] Created (EntryPushQEl0superpoint/input_layer1 | timeout: 10s)
[2026-08-28 21:53:27.212] [21607] [HailoRT] [info] [queue_elements.cpp:450] [create] Created (PushQEl1AsyncHwEl | timeout: 10s)
[2026-08-28 21:53:27.212] [21607] [HailoRT] [info] [filter_elements.cpp:372] [create] Created (PostInferEl1AsyncHwEl | Quantization - src_type: UINT8, dst_type FLOAT32, limvals_min: -61.1455, limvals_max: 21.3524 | Reorder - src_order: FCR, src_shape: (50, 80, 72), dst_order: FCR, dst_shape: (50, 80, 65))
[2026-08-28 21:53:27.212] [21607] [HailoRT] [info] [edge_elements.cpp:187] [create] Created (LastAsyncEl0PostInferEl1AsyncHwEl)
[2026-08-28 21:53:27.212] [21607] [HailoRT] [info] [queue_elements.cpp:450] [create] Created (PushQEl0AsyncHwEl | timeout: 10s)
[2026-08-28 21:53:27.212] [21607] [HailoRT] [info] [filter_elements.cpp:372] [create] Created (PostInferEl0AsyncHwEl | Quantization - src_type: UINT8, dst_type FLOAT32, limvals_min: -893.941, limvals_max: 782.198)
[2026-08-28 21:53:27.212] [21607] [HailoRT] [info] [edge_elements.cpp:187] [create] Created (LastAsyncEl0PostInferEl0AsyncHwEl)
[2026-08-28 21:53:27.212] [21607] [HailoRT] [info] [pipeline.cpp:891] [print_deep_description] EntryPushQEl0superpoint/input_layer1 | inputs: user | outputs: AsyncHwEl(running in thread_id: 21631)
[2026-08-28 21:53:27.212] [21607] [HailoRT] [info] [pipeline.cpp:891] [print_deep_description] AsyncHwEl | inputs: EntryPushQEl0superpoint/input_layer1[0] | outputs: PushQEl0AsyncHwEl PushQEl1AsyncHwEl
[2026-08-28 21:53:27.212] [21607] [HailoRT] [info] [pipeline.cpp:891] [print_deep_description] PushQEl0AsyncHwEl | inputs: AsyncHwEl[0] | outputs: PostInferEl0AsyncHwEl(running in thread_id: 21633)
[2026-08-28 21:53:27.212] [21607] [HailoRT] [info] [pipeline.cpp:891] [print_deep_description] PostInferEl0AsyncHwEl | inputs: PushQEl0AsyncHwEl[0] | outputs: LastAsyncEl0PostInferEl0AsyncHwEl
[2026-08-28 21:53:27.212] [21607] [HailoRT] [info] [pipeline.cpp:891] [print_deep_description] LastAsyncEl0PostInferEl0AsyncHwEl | inputs: PostInferEl0AsyncHwEl[0] | outputs: user
[2026-08-28 21:53:27.212] [21607] [HailoRT] [info] [pipeline.cpp:891] [print_deep_description] PushQEl1AsyncHwEl | inputs: AsyncHwEl[0] | outputs: PostInferEl1AsyncHwEl(running in thread_id: 21632)
[2026-08-28 21:53:27.212] [21607] [HailoRT] [info] [pipeline.cpp:891] [print_deep_description] PostInferEl1AsyncHwEl | inputs: PushQEl1AsyncHwEl[0] | outputs: LastAsyncEl0PostInferEl1AsyncHwEl
[2026-08-28 21:53:27.212] [21607] [HailoRT] [info] [pipeline.cpp:891] [print_deep_description] LastAsyncEl0PostInferEl1AsyncHwEl | inputs: PostInferEl1AsyncHwEl[0] | outputs: user
[2026-08-28 21:57:36.683] [21607] [HailoRT] [info] [async_infer_runner.cpp:86] [shutdown] Pipeline was aborted. Shutting it down
[2026-08-28 21:57:36.686] [21607] [HailoRT] [info] [async_infer_runner.cpp:86] [shutdown] Pipeline was aborted. Shutting it down
[2026-08-28 21:57:36.686] [21607] [HailoRT] [info] [async_infer_runner.cpp:86] [shutdown] Pipeline was aborted. Shutting it down
[2026-08-28 21:57:36.686] [21607] [HailoRT] [info] [queue_elements.cpp:570] [execute_deactivate] enqueue() in element PushQEl0AsyncHwEl was aborted, got status = HAILO_SHUTDOWN_EVENT_SIGNALED(57)
[2026-08-28 21:57:36.686] [21607] [HailoRT] [info] [queue_elements.cpp:570] [execute_deactivate] enqueue() in element PushQEl1AsyncHwEl was aborted, got status = HAILO_SHUTDOWN_EVENT_SIGNALED(57)
[2026-08-28 21:57:36.686] [21607] [HailoRT] [info] [queue_elements.cpp:570] [execute_deactivate] enqueue() in element EntryPushQEl0superpoint/input_layer1 was aborted, got status = HAILO_SHUTDOWN_EVENT_SIGNALED(57)
[2026-08-28 21:57:36.686] [21607] [HailoRT] [info] [queue_elements.cpp:46] [~BaseQueueElement] Queue element EntryPushQEl0superpoint/input_layer1 has 0 frames in his Queue on destruction
[2026-08-28 21:57:36.686] [21607] [HailoRT] [info] [queue_elements.cpp:46] [~BaseQueueElement] Queue element PushQEl1AsyncHwEl has 0 frames in his Queue on destruction
[2026-08-28 21:57:36.686] [21607] [HailoRT] [info] [queue_elements.cpp:46] [~BaseQueueElement] Queue element PushQEl0AsyncHwEl has 0 frames in his Queue on destruction
[2026-08-28 21:57:39.045] [22241] [HailoRT] [info] [vdevice.cpp:535] [create] Creating vdevice with params: device_count: 1, scheduling_algorithm: ROUND_ROBIN, multi_process_service: false
[2026-08-28 21:57:39.058] [22241] [HailoRT] [info] [device.cpp:51] [Device] OS Version: Linux 6.18.34+rpt-rpi-2712 #1 SMP PREEMPT Debian 1:6.18.34-1+rpt1 (2026-06-09) aarch64
[2026-08-28 21:57:39.058] [22241] [HailoRT] [info] [control.cpp:113] [control__parse_identify_results] firmware_version is: 4.23.0
[2026-08-28 21:57:39.058] [22241] [HailoRT] [info] [vdevice.cpp:682] [create] VDevice Infos: 0001:01:00.0
[2026-08-28 21:57:39.060] [22241] [HailoRT] [info] [hef.cpp:1994] [get_network_group_and_network_name] No name was given. Addressing all networks of default network_group: superpoint
[2026-08-28 21:57:39.060] [22241] [HailoRT] [info] [hef.cpp:1994] [get_network_group_and_network_name] No name was given. Addressing all networks of default network_group: superpoint
[2026-08-28 21:57:39.065] [22241] [HailoRT] [info] [internal_buffer_manager.cpp:75] [print_execution_results] Default Internal buffer planner failed to meet requirements
[2026-08-28 21:57:39.065] [22241] [HailoRT] [info] [internal_buffer_manager.cpp:86] [print_execution_results] Default Internal buffer planner executed successfully
[2026-08-28 21:57:39.072] [22241] [HailoRT] [info] [device_internal.cpp:57] [configure] Configuring HEF took 12.048857 milliseconds
[2026-08-28 21:57:39.072] [22241] [HailoRT] [info] [vdevice.cpp:780] [configure] Configuring HEF on VDevice took 12.444778 milliseconds
[2026-08-28 21:57:39.072] [22241] [HailoRT] [info] [infer_model.cpp:417] [configure] Configuring network group 'superpoint' with params: batch size: 0, power mode: PERFORMANCE, latency: NONE
[2026-08-28 21:57:39.072] [22241] [HailoRT] [info] [multi_io_elements.cpp:754] [create] Created (AsyncHwEl)
[2026-08-28 21:57:39.073] [22241] [HailoRT] [info] [queue_elements.cpp:450] [create] Created (EntryPushQEl0superpoint/input_layer1 | timeout: 10s)
[2026-08-28 21:57:39.073] [22241] [HailoRT] [info] [queue_elements.cpp:450] [create] Created (PushQEl1AsyncHwEl | timeout: 10s)
[2026-08-28 21:57:39.073] [22241] [HailoRT] [info] [filter_elements.cpp:372] [create] Created (PostInferEl1AsyncHwEl | Quantization - src_type: UINT8, dst_type FLOAT32, limvals_min: -61.1455, limvals_max: 21.3524 | Reorder - src_order: FCR, src_shape: (50, 80, 72), dst_order: FCR, dst_shape: (50, 80, 65))
[2026-08-28 21:57:39.073] [22241] [HailoRT] [info] [edge_elements.cpp:187] [create] Created (LastAsyncEl0PostInferEl1AsyncHwEl)
[2026-08-28 21:57:39.073] [22241] [HailoRT] [info] [queue_elements.cpp:450] [create] Created (PushQEl0AsyncHwEl | timeout: 10s)
[2026-08-28 21:57:39.073] [22241] [HailoRT] [info] [filter_elements.cpp:372] [create] Created (PostInferEl0AsyncHwEl | Quantization - src_type: UINT8, dst_type FLOAT32, limvals_min: -893.941, limvals_max: 782.198)
[2026-08-28 21:57:39.073] [22241] [HailoRT] [info] [edge_elements.cpp:187] [create] Created (LastAsyncEl0PostInferEl0AsyncHwEl)
[2026-08-28 21:57:39.073] [22241] [HailoRT] [info] [pipeline.cpp:891] [print_deep_description] EntryPushQEl0superpoint/input_layer1 | inputs: user | outputs: AsyncHwEl(running in thread_id: 22265)
[2026-08-28 21:57:39.073] [22241] [HailoRT] [info] [pipeline.cpp:891] [print_deep_description] AsyncHwEl | inputs: EntryPushQEl0superpoint/input_layer1[0] | outputs: PushQEl0AsyncHwEl PushQEl1AsyncHwEl
[2026-08-28 21:57:39.073] [22241] [HailoRT] [info] [pipeline.cpp:891] [print_deep_description] PushQEl0AsyncHwEl | inputs: AsyncHwEl[0] | outputs: PostInferEl0AsyncHwEl(running in thread_id: 22267)
[2026-08-28 21:57:39.073] [22241] [HailoRT] [info] [pipeline.cpp:891] [print_deep_description] PostInferEl0AsyncHwEl | inputs: PushQEl0AsyncHwEl[0] | outputs: LastAsyncEl0PostInferEl0AsyncHwEl
[2026-08-28 21:57:39.073] [22241] [HailoRT] [info] [pipeline.cpp:891] [print_deep_description] LastAsyncEl0PostInferEl0AsyncHwEl | inputs: PostInferEl0AsyncHwEl[0] | outputs: user
[2026-08-28 21:57:39.074] [22241] [HailoRT] [info] [pipeline.cpp:891] [print_deep_description] PushQEl1AsyncHwEl | inputs: AsyncHwEl[0] | outputs: PostInferEl1AsyncHwEl(running in thread_id: 22266)
[2026-08-28 21:57:39.074] [22241] [HailoRT] [info] [pipeline.cpp:891] [print_deep_description] PostInferEl1AsyncHwEl | inputs: PushQEl1AsyncHwEl[0] | outputs: LastAsyncEl0PostInferEl1AsyncHwEl
[2026-08-28 21:57:39.074] [22241] [HailoRT] [info] [pipeline.cpp:891] [print_deep_description] LastAsyncEl0PostInferEl1AsyncHwEl | inputs: PostInferEl1AsyncHwEl[0] | outputs: user
[2026-08-28 22:00:02.126] [22241] [HailoRT] [info] [async_infer_runner.cpp:86] [shutdown] Pipeline was aborted. Shutting it down
[2026-08-28 22:00:02.127] [22241] [HailoRT] [info] [async_infer_runner.cpp:86] [shutdown] Pipeline was aborted. Shutting it down
[2026-08-28 22:00:02.127] [22241] [HailoRT] [info] [async_infer_runner.cpp:86] [shutdown] Pipeline was aborted. Shutting it down
[2026-08-28 22:00:02.127] [22241] [HailoRT] [info] [queue_elements.cpp:570] [execute_deactivate] enqueue() in element PushQEl0AsyncHwEl was aborted, got status = HAILO_SHUTDOWN_EVENT_SIGNALED(57)
[2026-08-28 22:00:02.127] [22241] [HailoRT] [info] [queue_elements.cpp:570] [execute_deactivate] enqueue() in element PushQEl1AsyncHwEl was aborted, got status = HAILO_SHUTDOWN_EVENT_SIGNALED(57)
[2026-08-28 22:00:02.127] [22241] [HailoRT] [info] [queue_elements.cpp:570] [execute_deactivate] enqueue() in element EntryPushQEl0superpoint/input_layer1 was aborted, got status = HAILO_SHUTDOWN_EVENT_SIGNALED(57)
[2026-08-28 22:00:02.127] [22241] [HailoRT] [info] [queue_elements.cpp:46] [~BaseQueueElement] Queue element EntryPushQEl0superpoint/input_layer1 has 0 frames in his Queue on destruction
[2026-08-28 22:00:02.127] [22241] [HailoRT] [info] [queue_elements.cpp:46] [~BaseQueueElement] Queue element PushQEl1AsyncHwEl has 0 frames in his Queue on destruction
[2026-08-28 22:00:02.128] [22241] [HailoRT] [info] [queue_elements.cpp:46] [~BaseQueueElement] Queue element PushQEl0AsyncHwEl has 0 frames in his Queue on destruction
[2026-08-28 22:00:04.443] [22627] [HailoRT] [info] [vdevice.cpp:535] [create] Creating vdevice with params: device_count: 1, scheduling_algorithm: ROUND_ROBIN, multi_process_service: false
[2026-08-28 22:00:04.455] [22627] [HailoRT] [info] [device.cpp:51] [Device] OS Version: Linux 6.18.34+rpt-rpi-2712 #1 SMP PREEMPT Debian 1:6.18.34-1+rpt1 (2026-06-09) aarch64
[2026-08-28 22:00:04.455] [22627] [HailoRT] [info] [control.cpp:113] [control__parse_identify_results] firmware_version is: 4.23.0
[2026-08-28 22:00:04.455] [22627] [HailoRT] [info] [vdevice.cpp:682] [create] VDevice Infos: 0001:01:00.0
[2026-08-28 22:00:04.457] [22627] [HailoRT] [info] [hef.cpp:1994] [get_network_group_and_network_name] No name was given. Addressing all networks of default network_group: superpoint
[2026-08-28 22:00:04.457] [22627] [HailoRT] [info] [hef.cpp:1994] [get_network_group_and_network_name] No name was given. Addressing all networks of default network_group: superpoint
[2026-08-28 22:00:04.462] [22627] [HailoRT] [info] [internal_buffer_manager.cpp:75] [print_execution_results] Default Internal buffer planner failed to meet requirements
[2026-08-28 22:00:04.462] [22627] [HailoRT] [info] [internal_buffer_manager.cpp:86] [print_execution_results] Default Internal buffer planner executed successfully
[2026-08-28 22:00:04.468] [22627] [HailoRT] [info] [device_internal.cpp:57] [configure] Configuring HEF took 10.667838 milliseconds
[2026-08-28 22:00:04.468] [22627] [HailoRT] [info] [vdevice.cpp:780] [configure] Configuring HEF on VDevice took 10.93226 milliseconds
[2026-08-28 22:00:04.468] [22627] [HailoRT] [info] [infer_model.cpp:417] [configure] Configuring network group 'superpoint' with params: batch size: 0, power mode: PERFORMANCE, latency: NONE
[2026-08-28 22:00:04.468] [22627] [HailoRT] [info] [multi_io_elements.cpp:754] [create] Created (AsyncHwEl)
[2026-08-28 22:00:04.468] [22627] [HailoRT] [info] [queue_elements.cpp:450] [create] Created (EntryPushQEl0superpoint/input_layer1 | timeout: 10s)
[2026-08-28 22:00:04.468] [22627] [HailoRT] [info] [queue_elements.cpp:450] [create] Created (PushQEl1AsyncHwEl | timeout: 10s)
[2026-08-28 22:00:04.468] [22627] [HailoRT] [info] [filter_elements.cpp:372] [create] Created (PostInferEl1AsyncHwEl | Quantization - src_type: UINT8, dst_type FLOAT32, limvals_min: -61.1455, limvals_max: 21.3524 | Reorder - src_order: FCR, src_shape: (50, 80, 72), dst_order: FCR, dst_shape: (50, 80, 65))
[2026-08-28 22:00:04.468] [22627] [HailoRT] [info] [edge_elements.cpp:187] [create] Created (LastAsyncEl0PostInferEl1AsyncHwEl)
[2026-08-28 22:00:04.468] [22627] [HailoRT] [info] [queue_elements.cpp:450] [create] Created (PushQEl0AsyncHwEl | timeout: 10s)
[2026-08-28 22:00:04.468] [22627] [HailoRT] [info] [filter_elements.cpp:372] [create] Created (PostInferEl0AsyncHwEl | Quantization - src_type: UINT8, dst_type FLOAT32, limvals_min: -893.941, limvals_max: 782.198)
[2026-08-28 22:00:04.468] [22627] [HailoRT] [info] [edge_elements.cpp:187] [create] Created (LastAsyncEl0PostInferEl0AsyncHwEl)
[2026-08-28 22:00:04.468] [22627] [HailoRT] [info] [pipeline.cpp:891] [print_deep_description] EntryPushQEl0superpoint/input_layer1 | inputs: user | outputs: AsyncHwEl(running in thread_id: 22651)
[2026-08-28 22:00:04.468] [22627] [HailoRT] [info] [pipeline.cpp:891] [print_deep_description] AsyncHwEl | inputs: EntryPushQEl0superpoint/input_layer1[0] | outputs: PushQEl0AsyncHwEl PushQEl1AsyncHwEl
[2026-08-28 22:00:04.468] [22627] [HailoRT] [info] [pipeline.cpp:891] [print_deep_description] PushQEl0AsyncHwEl | inputs: AsyncHwEl[0] | outputs: PostInferEl0AsyncHwEl(running in thread_id: 22653)
[2026-08-28 22:00:04.468] [22627] [HailoRT] [info] [pipeline.cpp:891] [print_deep_description] PostInferEl0AsyncHwEl | inputs: PushQEl0AsyncHwEl[0] | outputs: LastAsyncEl0PostInferEl0AsyncHwEl
[2026-08-28 22:00:04.468] [22627] [HailoRT] [info] [pipeline.cpp:891] [print_deep_description] LastAsyncEl0PostInferEl0AsyncHwEl | inputs: PostInferEl0AsyncHwEl[0] | outputs: user
[2026-08-28 22:00:04.468] [22627] [HailoRT] [info] [pipeline.cpp:891] [print_deep_description] PushQEl1AsyncHwEl | inputs: AsyncHwEl[0] | outputs: PostInferEl1AsyncHwEl(running in thread_id: 22652)
[2026-08-28 22:00:04.468] [22627] [HailoRT] [info] [pipeline.cpp:891] [print_deep_description] PostInferEl1AsyncHwEl | inputs: PushQEl1AsyncHwEl[0] | outputs: LastAsyncEl0PostInferEl1AsyncHwEl
[2026-08-28 22:00:04.468] [22627] [HailoRT] [info] [pipeline.cpp:891] [print_deep_description] LastAsyncEl0PostInferEl1AsyncHwEl | inputs: PostInferEl1AsyncHwEl[0] | outputs: user
[2026-08-28 22:03:53.146] [22627] [HailoRT] [info] [async_infer_runner.cpp:86] [shutdown] Pipeline was aborted. Shutting it down
[2026-08-28 22:03:53.146] [22627] [HailoRT] [info] [async_infer_runner.cpp:86] [shutdown] Pipeline was aborted. Shutting it down
[2026-08-28 22:03:53.146] [22627] [HailoRT] [info] [async_infer_runner.cpp:86] [shutdown] Pipeline was aborted. Shutting it down
[2026-08-28 22:03:53.146] [22627] [HailoRT] [info] [queue_elements.cpp:570] [execute_deactivate] enqueue() in element PushQEl0AsyncHwEl was aborted, got status = HAILO_SHUTDOWN_EVENT_SIGNALED(57)
[2026-08-28 22:03:53.146] [22627] [HailoRT] [info] [queue_elements.cpp:570] [execute_deactivate] enqueue() in element PushQEl1AsyncHwEl was aborted, got status = HAILO_SHUTDOWN_EVENT_SIGNALED(57)
[2026-08-28 22:03:53.146] [22627] [HailoRT] [info] [queue_elements.cpp:570] [execute_deactivate] enqueue() in element EntryPushQEl0superpoint/input_layer1 was aborted, got status = HAILO_SHUTDOWN_EVENT_SIGNALED(57)
[2026-08-28 22:03:53.146] [22627] [HailoRT] [info] [queue_elements.cpp:46] [~BaseQueueElement] Queue element EntryPushQEl0superpoint/input_layer1 has 0 frames in his Queue on destruction
[2026-08-28 22:03:53.146] [22627] [HailoRT] [info] [queue_elements.cpp:46] [~BaseQueueElement] Queue element PushQEl1AsyncHwEl has 0 frames in his Queue on destruction
[2026-08-28 22:03:53.147] [22627] [HailoRT] [info] [queue_elements.cpp:46] [~BaseQueueElement] Queue element PushQEl0AsyncHwEl has 0 frames in his Queue on destruction
[2026-08-28 22:03:55.265] [23208] [HailoRT] [info] [vdevice.cpp:535] [create] Creating vdevice with params: device_count: 1, scheduling_algorithm: ROUND_ROBIN, multi_process_service: false
[2026-08-28 22:03:55.278] [23208] [HailoRT] [info] [device.cpp:51] [Device] OS Version: Linux 6.18.34+rpt-rpi-2712 #1 SMP PREEMPT Debian 1:6.18.34-1+rpt1 (2026-06-09) aarch64
[2026-08-28 22:03:55.278] [23208] [HailoRT] [info] [control.cpp:113] [control__parse_identify_results] firmware_version is: 4.23.0
[2026-08-28 22:03:55.278] [23208] [HailoRT] [info] [vdevice.cpp:682] [create] VDevice Infos: 0001:01:00.0
[2026-08-28 22:03:55.280] [23208] [HailoRT] [info] [hef.cpp:1994] [get_network_group_and_network_name] No name was given. Addressing all networks of default network_group: superpoint
[2026-08-28 22:03:55.280] [23208] [HailoRT] [info] [hef.cpp:1994] [get_network_group_and_network_name] No name was given. Addressing all networks of default network_group: superpoint
[2026-08-28 22:03:55.285] [23208] [HailoRT] [info] [internal_buffer_manager.cpp:75] [print_execution_results] Default Internal buffer planner failed to meet requirements
[2026-08-28 22:03:55.285] [23208] [HailoRT] [info] [internal_buffer_manager.cpp:86] [print_execution_results] Default Internal buffer planner executed successfully
[2026-08-28 22:03:55.290] [23208] [HailoRT] [info] [device_internal.cpp:57] [configure] Configuring HEF took 10.360047 milliseconds
[2026-08-28 22:03:55.290] [23208] [HailoRT] [info] [vdevice.cpp:780] [configure] Configuring HEF on VDevice took 10.614174 milliseconds
[2026-08-28 22:03:55.290] [23208] [HailoRT] [info] [infer_model.cpp:417] [configure] Configuring network group 'superpoint' with params: batch size: 0, power mode: PERFORMANCE, latency: NONE
[2026-08-28 22:03:55.290] [23208] [HailoRT] [info] [multi_io_elements.cpp:754] [create] Created (AsyncHwEl)
[2026-08-28 22:03:55.290] [23208] [HailoRT] [info] [queue_elements.cpp:450] [create] Created (EntryPushQEl0superpoint/input_layer1 | timeout: 10s)
[2026-08-28 22:03:55.291] [23208] [HailoRT] [info] [queue_elements.cpp:450] [create] Created (PushQEl1AsyncHwEl | timeout: 10s)
[2026-08-28 22:03:55.291] [23208] [HailoRT] [info] [filter_elements.cpp:372] [create] Created (PostInferEl1AsyncHwEl | Quantization - src_type: UINT8, dst_type FLOAT32, limvals_min: -61.1455, limvals_max: 21.3524 | Reorder - src_order: FCR, src_shape: (50, 80, 72), dst_order: FCR, dst_shape: (50, 80, 65))
[2026-08-28 22:03:55.291] [23208] [HailoRT] [info] [edge_elements.cpp:187] [create] Created (LastAsyncEl0PostInferEl1AsyncHwEl)
[2026-08-28 22:03:55.291] [23208] [HailoRT] [info] [queue_elements.cpp:450] [create] Created (PushQEl0AsyncHwEl | timeout: 10s)
[2026-08-28 22:03:55.291] [23208] [HailoRT] [info] [filter_elements.cpp:372] [create] Created (PostInferEl0AsyncHwEl | Quantization - src_type: UINT8, dst_type FLOAT32, limvals_min: -893.941, limvals_max: 782.198)
[2026-08-28 22:03:55.291] [23208] [HailoRT] [info] [edge_elements.cpp:187] [create] Created (LastAsyncEl0PostInferEl0AsyncHwEl)
[2026-08-28 22:03:55.291] [23208] [HailoRT] [info] [pipeline.cpp:891] [print_deep_description] EntryPushQEl0superpoint/input_layer1 | inputs: user | outputs: AsyncHwEl(running in thread_id: 23232)
[2026-08-28 22:03:55.291] [23208] [HailoRT] [info] [pipeline.cpp:891] [print_deep_description] AsyncHwEl | inputs: EntryPushQEl0superpoint/input_layer1[0] | outputs: PushQEl0AsyncHwEl PushQEl1AsyncHwEl
[2026-08-28 22:03:55.291] [23208] [HailoRT] [info] [pipeline.cpp:891] [print_deep_description] PushQEl0AsyncHwEl | inputs: AsyncHwEl[0] | outputs: PostInferEl0AsyncHwEl(running in thread_id: 23234)
[2026-08-28 22:03:55.291] [23208] [HailoRT] [info] [pipeline.cpp:891] [print_deep_description] PostInferEl0AsyncHwEl | inputs: PushQEl0AsyncHwEl[0] | outputs: LastAsyncEl0PostInferEl0AsyncHwEl
[2026-08-28 22:03:55.291] [23208] [HailoRT] [info] [pipeline.cpp:891] [print_deep_description] LastAsyncEl0PostInferEl0AsyncHwEl | inputs: PostInferEl0AsyncHwEl[0] | outputs: user
[2026-08-28 22:03:55.291] [23208] [HailoRT] [info] [pipeline.cpp:891] [print_deep_description] PushQEl1AsyncHwEl | inputs: AsyncHwEl[0] | outputs: PostInferEl1AsyncHwEl(running in thread_id: 23233)
[2026-08-28 22:03:55.291] [23208] [HailoRT] [info] [pipeline.cpp:891] [print_deep_description] PostInferEl1AsyncHwEl | inputs: PushQEl1AsyncHwEl[0] | outputs: LastAsyncEl0PostInferEl1AsyncHwEl
[2026-08-28 22:03:55.291] [23208] [HailoRT] [info] [pipeline.cpp:891] [print_deep_description] LastAsyncEl0PostInferEl1AsyncHwEl | inputs: PostInferEl1AsyncHwEl[0] | outputs: user
[2026-08-28 22:13:56.072] [23208] [HailoRT] [info] [async_infer_runner.cpp:86] [shutdown] Pipeline was aborted. Shutting it down
[2026-08-28 22:13:56.072] [23208] [HailoRT] [info] [async_infer_runner.cpp:86] [shutdown] Pipeline was aborted. Shutting it down
[2026-08-28 22:13:56.072] [23208] [HailoRT] [info] [async_infer_runner.cpp:86] [shutdown] Pipeline was aborted. Shutting it down
[2026-08-28 22:13:56.072] [23208] [HailoRT] [info] [queue_elements.cpp:570] [execute_deactivate] enqueue() in element PushQEl0AsyncHwEl was aborted, got status = HAILO_SHUTDOWN_EVENT_SIGNALED(57)
[2026-08-28 22:13:56.072] [23208] [HailoRT] [info] [queue_elements.cpp:570] [execute_deactivate] enqueue() in element PushQEl1AsyncHwEl was aborted, got status = HAILO_SHUTDOWN_EVENT_SIGNALED(57)
[2026-08-28 22:13:56.072] [23208] [HailoRT] [info] [queue_elements.cpp:570] [execute_deactivate] enqueue() in element EntryPushQEl0superpoint/input_layer1 was aborted, got status = HAILO_SHUTDOWN_EVENT_SIGNALED(57)
[2026-08-28 22:13:56.072] [23208] [HailoRT] [info] [queue_elements.cpp:46] [~BaseQueueElement] Queue element EntryPushQEl0superpoint/input_layer1 has 0 frames in his Queue on destruction
[2026-08-28 22:13:56.072] [23208] [HailoRT] [info] [queue_elements.cpp:46] [~BaseQueueElement] Queue element PushQEl1AsyncHwEl has 0 frames in his Queue on destruction
[2026-08-28 22:13:56.073] [23208] [HailoRT] [info] [queue_elements.cpp:46] [~BaseQueueElement] Queue element PushQEl0AsyncHwEl has 0 frames in his Queue on destruction
[2026-08-28 22:13:58.502] [24542] [HailoRT] [info] [vdevice.cpp:535] [create] Creating vdevice with params: device_count: 1, scheduling_algorithm: ROUND_ROBIN, multi_process_service: false
[2026-08-28 22:13:58.514] [24542] [HailoRT] [info] [device.cpp:51] [Device] OS Version: Linux 6.18.34+rpt-rpi-2712 #1 SMP PREEMPT Debian 1:6.18.34-1+rpt1 (2026-06-09) aarch64
[2026-08-28 22:13:58.515] [24542] [HailoRT] [info] [control.cpp:113] [control__parse_identify_results] firmware_version is: 4.23.0
[2026-08-28 22:13:58.515] [24542] [HailoRT] [info] [vdevice.cpp:682] [create] VDevice Infos: 0001:01:00.0
[2026-08-28 22:13:58.516] [24542] [HailoRT] [info] [hef.cpp:1994] [get_network_group_and_network_name] No name was given. Addressing all networks of default network_group: superpoint
[2026-08-28 22:13:58.516] [24542] [HailoRT] [info] [hef.cpp:1994] [get_network_group_and_network_name] No name was given. Addressing all networks of default network_group: superpoint
[2026-08-28 22:13:58.522] [24542] [HailoRT] [info] [internal_buffer_manager.cpp:75] [print_execution_results] Default Internal buffer planner failed to meet requirements
[2026-08-28 22:13:58.522] [24542] [HailoRT] [info] [internal_buffer_manager.cpp:86] [print_execution_results] Default Internal buffer planner executed successfully
[2026-08-28 22:13:58.527] [24542] [HailoRT] [info] [device_internal.cpp:57] [configure] Configuring HEF took 10.455437 milliseconds
[2026-08-28 22:13:58.527] [24542] [HailoRT] [info] [vdevice.cpp:780] [configure] Configuring HEF on VDevice took 10.735063 milliseconds
[2026-08-28 22:13:58.527] [24542] [HailoRT] [info] [infer_model.cpp:417] [configure] Configuring network group 'superpoint' with params: batch size: 0, power mode: PERFORMANCE, latency: NONE
[2026-08-28 22:13:58.527] [24542] [HailoRT] [info] [multi_io_elements.cpp:754] [create] Created (AsyncHwEl)
[2026-08-28 22:13:58.527] [24542] [HailoRT] [info] [queue_elements.cpp:450] [create] Created (EntryPushQEl0superpoint/input_layer1 | timeout: 10s)
[2026-08-28 22:13:58.528] [24542] [HailoRT] [info] [queue_elements.cpp:450] [create] Created (PushQEl1AsyncHwEl | timeout: 10s)
[2026-08-28 22:13:58.528] [24542] [HailoRT] [info] [filter_elements.cpp:372] [create] Created (PostInferEl1AsyncHwEl | Quantization - src_type: UINT8, dst_type FLOAT32, limvals_min: -61.1455, limvals_max: 21.3524 | Reorder - src_order: FCR, src_shape: (50, 80, 72), dst_order: FCR, dst_shape: (50, 80, 65))
[2026-08-28 22:13:58.528] [24542] [HailoRT] [info] [edge_elements.cpp:187] [create] Created (LastAsyncEl0PostInferEl1AsyncHwEl)
[2026-08-28 22:13:58.528] [24542] [HailoRT] [info] [queue_elements.cpp:450] [create] Created (PushQEl0AsyncHwEl | timeout: 10s)
[2026-08-28 22:13:58.528] [24542] [HailoRT] [info] [filter_elements.cpp:372] [create] Created (PostInferEl0AsyncHwEl | Quantization - src_type: UINT8, dst_type FLOAT32, limvals_min: -893.941, limvals_max: 782.198)
[2026-08-28 22:13:58.528] [24542] [HailoRT] [info] [edge_elements.cpp:187] [create] Created (LastAsyncEl0PostInferEl0AsyncHwEl)
[2026-08-28 22:13:58.528] [24542] [HailoRT] [info] [pipeline.cpp:891] [print_deep_description] EntryPushQEl0superpoint/input_layer1 | inputs: user | outputs: AsyncHwEl(running in thread_id: 24566)
[2026-08-28 22:13:58.528] [24542] [HailoRT] [info] [pipeline.cpp:891] [print_deep_description] AsyncHwEl | inputs: EntryPushQEl0superpoint/input_layer1[0] | outputs: PushQEl0AsyncHwEl PushQEl1AsyncHwEl
[2026-08-28 22:13:58.528] [24542] [HailoRT] [info] [pipeline.cpp:891] [print_deep_description] PushQEl0AsyncHwEl | inputs: AsyncHwEl[0] | outputs: PostInferEl0AsyncHwEl(running in thread_id: 24568)
[2026-08-28 22:13:58.528] [24542] [HailoRT] [info] [pipeline.cpp:891] [print_deep_description] PostInferEl0AsyncHwEl | inputs: PushQEl0AsyncHwEl[0] | outputs: LastAsyncEl0PostInferEl0AsyncHwEl
[2026-08-28 22:13:58.528] [24542] [HailoRT] [info] [pipeline.cpp:891] [print_deep_description] LastAsyncEl0PostInferEl0AsyncHwEl | inputs: PostInferEl0AsyncHwEl[0] | outputs: user
[2026-08-28 22:13:58.528] [24542] [HailoRT] [info] [pipeline.cpp:891] [print_deep_description] PushQEl1AsyncHwEl | inputs: AsyncHwEl[0] | outputs: PostInferEl1AsyncHwEl(running in thread_id: 24567)
[2026-08-28 22:13:58.528] [24542] [HailoRT] [info] [pipeline.cpp:891] [print_deep_description] PostInferEl1AsyncHwEl | inputs: PushQEl1AsyncHwEl[0] | outputs: LastAsyncEl0PostInferEl1AsyncHwEl
[2026-08-28 22:13:58.528] [24542] [HailoRT] [info] [pipeline.cpp:891] [print_deep_description] LastAsyncEl0PostInferEl1AsyncHwEl | inputs: PostInferEl1AsyncHwEl[0] | outputs: user
[2026-08-28 22:17:40.761] [24542] [HailoRT] [info] [async_infer_runner.cpp:86] [shutdown] Pipeline was aborted. Shutting it down
[2026-08-28 22:17:40.761] [24542] [HailoRT] [info] [async_infer_runner.cpp:86] [shutdown] Pipeline was aborted. Shutting it down
[2026-08-28 22:17:40.761] [24542] [HailoRT] [info] [async_infer_runner.cpp:86] [shutdown] Pipeline was aborted. Shutting it down
[2026-08-28 22:17:40.761] [24542] [HailoRT] [info] [queue_elements.cpp:570] [execute_deactivate] enqueue() in element PushQEl0AsyncHwEl was aborted, got status = HAILO_SHUTDOWN_EVENT_SIGNALED(57)
[2026-08-28 22:17:40.761] [24542] [HailoRT] [info] [queue_elements.cpp:570] [execute_deactivate] enqueue() in element PushQEl1AsyncHwEl was aborted, got status = HAILO_SHUTDOWN_EVENT_SIGNALED(57)
[2026-08-28 22:17:40.761] [24542] [HailoRT] [info] [queue_elements.cpp:570] [execute_deactivate] enqueue() in element EntryPushQEl0superpoint/input_layer1 was aborted, got status = HAILO_SHUTDOWN_EVENT_SIGNALED(57)
[2026-08-28 22:17:40.761] [24542] [HailoRT] [info] [queue_elements.cpp:46] [~BaseQueueElement] Queue element EntryPushQEl0superpoint/input_layer1 has 0 frames in his Queue on destruction
[2026-08-28 22:17:40.761] [24542] [HailoRT] [info] [queue_elements.cpp:46] [~BaseQueueElement] Queue element PushQEl1AsyncHwEl has 0 frames in his Queue on destruction
[2026-08-28 22:17:40.762] [24542] [HailoRT] [info] [queue_elements.cpp:46] [~BaseQueueElement] Queue element PushQEl0AsyncHwEl has 0 frames in his Queue on destruction
[2026-08-28 22:17:43.115] [25122] [HailoRT] [info] [vdevice.cpp:535] [create] Creating vdevice with params: device_count: 1, scheduling_algorithm: ROUND_ROBIN, multi_process_service: false
[2026-08-28 22:17:43.127] [25122] [HailoRT] [info] [device.cpp:51] [Device] OS Version: Linux 6.18.34+rpt-rpi-2712 #1 SMP PREEMPT Debian 1:6.18.34-1+rpt1 (2026-06-09) aarch64
[2026-08-28 22:17:43.127] [25122] [HailoRT] [info] [control.cpp:113] [control__parse_identify_results] firmware_version is: 4.23.0
[2026-08-28 22:17:43.127] [25122] [HailoRT] [info] [vdevice.cpp:682] [create] VDevice Infos: 0001:01:00.0
[2026-08-28 22:17:43.129] [25122] [HailoRT] [info] [hef.cpp:1994] [get_network_group_and_network_name] No name was given. Addressing all networks of default network_group: superpoint
[2026-08-28 22:17:43.129] [25122] [HailoRT] [info] [hef.cpp:1994] [get_network_group_and_network_name] No name was given. Addressing all networks of default network_group: superpoint
[2026-08-28 22:17:43.134] [25122] [HailoRT] [info] [internal_buffer_manager.cpp:75] [print_execution_results] Default Internal buffer planner failed to meet requirements
[2026-08-28 22:17:43.134] [25122] [HailoRT] [info] [internal_buffer_manager.cpp:86] [print_execution_results] Default Internal buffer planner executed successfully
[2026-08-28 22:17:43.140] [25122] [HailoRT] [info] [device_internal.cpp:57] [configure] Configuring HEF took 10.463474 milliseconds
[2026-08-28 22:17:43.140] [25122] [HailoRT] [info] [vdevice.cpp:780] [configure] Configuring HEF on VDevice took 10.736786 milliseconds
[2026-08-28 22:17:43.140] [25122] [HailoRT] [info] [infer_model.cpp:417] [configure] Configuring network group 'superpoint' with params: batch size: 0, power mode: PERFORMANCE, latency: NONE
[2026-08-28 22:17:43.140] [25122] [HailoRT] [info] [multi_io_elements.cpp:754] [create] Created (AsyncHwEl)
[2026-08-28 22:17:43.140] [25122] [HailoRT] [info] [queue_elements.cpp:450] [create] Created (EntryPushQEl0superpoint/input_layer1 | timeout: 10s)
[2026-08-28 22:17:43.140] [25122] [HailoRT] [info] [queue_elements.cpp:450] [create] Created (PushQEl1AsyncHwEl | timeout: 10s)
[2026-08-28 22:17:43.140] [25122] [HailoRT] [info] [filter_elements.cpp:372] [create] Created (PostInferEl1AsyncHwEl | Quantization - src_type: UINT8, dst_type FLOAT32, limvals_min: -61.1455, limvals_max: 21.3524 | Reorder - src_order: FCR, src_shape: (50, 80, 72), dst_order: FCR, dst_shape: (50, 80, 65))
[2026-08-28 22:17:43.140] [25122] [HailoRT] [info] [edge_elements.cpp:187] [create] Created (LastAsyncEl0PostInferEl1AsyncHwEl)
[2026-08-28 22:17:43.140] [25122] [HailoRT] [info] [queue_elements.cpp:450] [create] Created (PushQEl0AsyncHwEl | timeout: 10s)
[2026-08-28 22:17:43.140] [25122] [HailoRT] [info] [filter_elements.cpp:372] [create] Created (PostInferEl0AsyncHwEl | Quantization - src_type: UINT8, dst_type FLOAT32, limvals_min: -893.941, limvals_max: 782.198)
[2026-08-28 22:17:43.140] [25122] [HailoRT] [info] [edge_elements.cpp:187] [create] Created (LastAsyncEl0PostInferEl0AsyncHwEl)
[2026-08-28 22:17:43.140] [25122] [HailoRT] [info] [pipeline.cpp:891] [print_deep_description] EntryPushQEl0superpoint/input_layer1 | inputs: user | outputs: AsyncHwEl(running in thread_id: 25146)
[2026-08-28 22:17:43.140] [25122] [HailoRT] [info] [pipeline.cpp:891] [print_deep_description] AsyncHwEl | inputs: EntryPushQEl0superpoint/input_layer1[0] | outputs: PushQEl0AsyncHwEl PushQEl1AsyncHwEl
[2026-08-28 22:17:43.140] [25122] [HailoRT] [info] [pipeline.cpp:891] [print_deep_description] PushQEl0AsyncHwEl | inputs: AsyncHwEl[0] | outputs: PostInferEl0AsyncHwEl(running in thread_id: 25148)
[2026-08-28 22:17:43.140] [25122] [HailoRT] [info] [pipeline.cpp:891] [print_deep_description] PostInferEl0AsyncHwEl | inputs: PushQEl0AsyncHwEl[0] | outputs: LastAsyncEl0PostInferEl0AsyncHwEl
[2026-08-28 22:17:43.140] [25122] [HailoRT] [info] [pipeline.cpp:891] [print_deep_description] LastAsyncEl0PostInferEl0AsyncHwEl | inputs: PostInferEl0AsyncHwEl[0] | outputs: user
[2026-08-28 22:17:43.140] [25122] [HailoRT] [info] [pipeline.cpp:891] [print_deep_description] PushQEl1AsyncHwEl | inputs: AsyncHwEl[0] | outputs: PostInferEl1AsyncHwEl(running in thread_id: 25147)
[2026-08-28 22:17:43.140] [25122] [HailoRT] [info] [pipeline.cpp:891] [print_deep_description] PostInferEl1AsyncHwEl | inputs: PushQEl1AsyncHwEl[0] | outputs: LastAsyncEl0PostInferEl1AsyncHwEl
[2026-08-28 22:17:43.140] [25122] [HailoRT] [info] [pipeline.cpp:891] [print_deep_description] LastAsyncEl0PostInferEl1AsyncHwEl | inputs: PostInferEl1AsyncHwEl[0] | outputs: user
[2026-08-28 22:20:35.591] [25122] [HailoRT] [info] [async_infer_runner.cpp:86] [shutdown] Pipeline was aborted. Shutting it down
[2026-08-28 22:20:35.591] [25122] [HailoRT] [info] [async_infer_runner.cpp:86] [shutdown] Pipeline was aborted. Shutting it down
[2026-08-28 22:20:35.591] [25122] [HailoRT] [info] [async_infer_runner.cpp:86] [shutdown] Pipeline was aborted. Shutting it down
[2026-08-28 22:20:35.591] [25122] [HailoRT] [info] [queue_elements.cpp:570] [execute_deactivate] enqueue() in element PushQEl0AsyncHwEl was aborted, got status = HAILO_SHUTDOWN_EVENT_SIGNALED(57)
[2026-08-28 22:20:35.591] [25122] [HailoRT] [info] [queue_elements.cpp:570] [execute_deactivate] enqueue() in element PushQEl1AsyncHwEl was aborted, got status = HAILO_SHUTDOWN_EVENT_SIGNALED(57)
[2026-08-28 22:20:35.591] [25122] [HailoRT] [info] [queue_elements.cpp:570] [execute_deactivate] enqueue() in element EntryPushQEl0superpoint/input_layer1 was aborted, got status = HAILO_SHUTDOWN_EVENT_SIGNALED(57)
[2026-08-28 22:20:35.591] [25122] [HailoRT] [info] [queue_elements.cpp:46] [~BaseQueueElement] Queue element EntryPushQEl0superpoint/input_layer1 has 0 frames in his Queue on destruction
[2026-08-28 22:20:35.591] [25122] [HailoRT] [info] [queue_elements.cpp:46] [~BaseQueueElement] Queue element PushQEl1AsyncHwEl has 0 frames in his Queue on destruction
[2026-08-28 22:20:35.591] [25122] [HailoRT] [info] [queue_elements.cpp:46] [~BaseQueueElement] Queue element PushQEl0AsyncHwEl has 0 frames in his Queue on destruction
[2026-08-28 22:20:37.904] [25574] [HailoRT] [info] [vdevice.cpp:535] [create] Creating vdevice with params: device_count: 1, scheduling_algorithm: ROUND_ROBIN, multi_process_service: false
[2026-08-28 22:20:37.915] [25574] [HailoRT] [info] [device.cpp:51] [Device] OS Version: Linux 6.18.34+rpt-rpi-2712 #1 SMP PREEMPT Debian 1:6.18.34-1+rpt1 (2026-06-09) aarch64
[2026-08-28 22:20:37.915] [25574] [HailoRT] [info] [control.cpp:113] [control__parse_identify_results] firmware_version is: 4.23.0
[2026-08-28 22:20:37.915] [25574] [HailoRT] [info] [vdevice.cpp:682] [create] VDevice Infos: 0001:01:00.0
[2026-08-28 22:20:37.917] [25574] [HailoRT] [info] [hef.cpp:1994] [get_network_group_and_network_name] No name was given. Addressing all networks of default network_group: superpoint
[2026-08-28 22:20:37.917] [25574] [HailoRT] [info] [hef.cpp:1994] [get_network_group_and_network_name] No name was given. Addressing all networks of default network_group: superpoint
[2026-08-28 22:20:37.922] [25574] [HailoRT] [info] [internal_buffer_manager.cpp:75] [print_execution_results] Default Internal buffer planner failed to meet requirements
[2026-08-28 22:20:37.922] [25574] [HailoRT] [info] [internal_buffer_manager.cpp:86] [print_execution_results] Default Internal buffer planner executed successfully
[2026-08-28 22:20:37.928] [25574] [HailoRT] [info] [device_internal.cpp:57] [configure] Configuring HEF took 10.447585 milliseconds
[2026-08-28 22:20:37.928] [25574] [HailoRT] [info] [vdevice.cpp:780] [configure] Configuring HEF on VDevice took 10.710694 milliseconds
[2026-08-28 22:20:37.928] [25574] [HailoRT] [info] [infer_model.cpp:417] [configure] Configuring network group 'superpoint' with params: batch size: 0, power mode: PERFORMANCE, latency: NONE
[2026-08-28 22:20:37.928] [25574] [HailoRT] [info] [multi_io_elements.cpp:754] [create] Created (AsyncHwEl)
[2026-08-28 22:20:37.928] [25574] [HailoRT] [info] [queue_elements.cpp:450] [create] Created (EntryPushQEl0superpoint/input_layer1 | timeout: 10s)
[2026-08-28 22:20:37.928] [25574] [HailoRT] [info] [queue_elements.cpp:450] [create] Created (PushQEl1AsyncHwEl | timeout: 10s)
[2026-08-28 22:20:37.928] [25574] [HailoRT] [info] [filter_elements.cpp:372] [create] Created (PostInferEl1AsyncHwEl | Quantization - src_type: UINT8, dst_type FLOAT32, limvals_min: -61.1455, limvals_max: 21.3524 | Reorder - src_order: FCR, src_shape: (50, 80, 72), dst_order: FCR, dst_shape: (50, 80, 65))
[2026-08-28 22:20:37.928] [25574] [HailoRT] [info] [edge_elements.cpp:187] [create] Created (LastAsyncEl0PostInferEl1AsyncHwEl)
[2026-08-28 22:20:37.928] [25574] [HailoRT] [info] [queue_elements.cpp:450] [create] Created (PushQEl0AsyncHwEl | timeout: 10s)
[2026-08-28 22:20:37.928] [25574] [HailoRT] [info] [filter_elements.cpp:372] [create] Created (PostInferEl0AsyncHwEl | Quantization - src_type: UINT8, dst_type FLOAT32, limvals_min: -893.941, limvals_max: 782.198)
[2026-08-28 22:20:37.928] [25574] [HailoRT] [info] [edge_elements.cpp:187] [create] Created (LastAsyncEl0PostInferEl0AsyncHwEl)
[2026-08-28 22:20:37.928] [25574] [HailoRT] [info] [pipeline.cpp:891] [print_deep_description] EntryPushQEl0superpoint/input_layer1 | inputs: user | outputs: AsyncHwEl(running in thread_id: 25598)
[2026-08-28 22:20:37.928] [25574] [HailoRT] [info] [pipeline.cpp:891] [print_deep_description] AsyncHwEl | inputs: EntryPushQEl0superpoint/input_layer1[0] | outputs: PushQEl0AsyncHwEl PushQEl1AsyncHwEl
[2026-08-28 22:20:37.928] [25574] [HailoRT] [info] [pipeline.cpp:891] [print_deep_description] PushQEl0AsyncHwEl | inputs: AsyncHwEl[0] | outputs: PostInferEl0AsyncHwEl(running in thread_id: 25600)
[2026-08-28 22:20:37.928] [25574] [HailoRT] [info] [pipeline.cpp:891] [print_deep_description] PostInferEl0AsyncHwEl | inputs: PushQEl0AsyncHwEl[0] | outputs: LastAsyncEl0PostInferEl0AsyncHwEl
[2026-08-28 22:20:37.928] [25574] [HailoRT] [info] [pipeline.cpp:891] [print_deep_description] LastAsyncEl0PostInferEl0AsyncHwEl | inputs: PostInferEl0AsyncHwEl[0] | outputs: user
[2026-08-28 22:20:37.928] [25574] [HailoRT] [info] [pipeline.cpp:891] [print_deep_description] PushQEl1AsyncHwEl | inputs: AsyncHwEl[0] | outputs: PostInferEl1AsyncHwEl(running in thread_id: 25599)
[2026-08-28 22:20:37.928] [25574] [HailoRT] [info] [pipeline.cpp:891] [print_deep_description] PostInferEl1AsyncHwEl | inputs: PushQEl1AsyncHwEl[0] | outputs: LastAsyncEl0PostInferEl1AsyncHwEl
[2026-08-28 22:20:37.928] [25574] [HailoRT] [info] [pipeline.cpp:891] [print_deep_description] LastAsyncEl0PostInferEl1AsyncHwEl | inputs: PostInferEl1AsyncHwEl[0] | outputs: user
[2026-08-28 22:24:07.282] [25574] [HailoRT] [info] [async_infer_runner.cpp:86] [shutdown] Pipeline was aborted. Shutting it down
[2026-08-28 22:24:07.287] [25574] [HailoRT] [info] [async_infer_runner.cpp:86] [shutdown] Pipeline was aborted. Shutting it down
[2026-08-28 22:24:07.287] [25574] [HailoRT] [info] [async_infer_runner.cpp:86] [shutdown] Pipeline was aborted. Shutting it down
[2026-08-28 22:24:07.287] [25574] [HailoRT] [info] [queue_elements.cpp:570] [execute_deactivate] enqueue() in element PushQEl0AsyncHwEl was aborted, got status = HAILO_SHUTDOWN_EVENT_SIGNALED(57)
[2026-08-28 22:24:07.287] [25574] [HailoRT] [info] [queue_elements.cpp:570] [execute_deactivate] enqueue() in element PushQEl1AsyncHwEl was aborted, got status = HAILO_SHUTDOWN_EVENT_SIGNALED(57)
[2026-08-28 22:24:07.287] [25574] [HailoRT] [info] [queue_elements.cpp:570] [execute_deactivate] enqueue() in element EntryPushQEl0superpoint/input_layer1 was aborted, got status = HAILO_SHUTDOWN_EVENT_SIGNALED(57)
[2026-08-28 22:24:07.287] [25574] [HailoRT] [info] [queue_elements.cpp:46] [~BaseQueueElement] Queue element EntryPushQEl0superpoint/input_layer1 has 0 frames in his Queue on destruction
[2026-08-28 22:24:07.287] [25574] [HailoRT] [info] [queue_elements.cpp:46] [~BaseQueueElement] Queue element PushQEl1AsyncHwEl has 0 frames in his Queue on destruction
[2026-08-28 22:24:07.287] [25574] [HailoRT] [info] [queue_elements.cpp:46] [~BaseQueueElement] Queue element PushQEl0AsyncHwEl has 0 frames in his Queue on destruction
[2026-08-28 22:24:09.653] [26128] [HailoRT] [info] [vdevice.cpp:535] [create] Creating vdevice with params: device_count: 1, scheduling_algorithm: ROUND_ROBIN, multi_process_service: false
[2026-08-28 22:24:09.666] [26128] [HailoRT] [info] [device.cpp:51] [Device] OS Version: Linux 6.18.34+rpt-rpi-2712 #1 SMP PREEMPT Debian 1:6.18.34-1+rpt1 (2026-06-09) aarch64
[2026-08-28 22:24:09.666] [26128] [HailoRT] [info] [control.cpp:113] [control__parse_identify_results] firmware_version is: 4.23.0
[2026-08-28 22:24:09.666] [26128] [HailoRT] [info] [vdevice.cpp:682] [create] VDevice Infos: 0001:01:00.0
[2026-08-28 22:24:09.668] [26128] [HailoRT] [info] [hef.cpp:1994] [get_network_group_and_network_name] No name was given. Addressing all networks of default network_group: superpoint
[2026-08-28 22:24:09.668] [26128] [HailoRT] [info] [hef.cpp:1994] [get_network_group_and_network_name] No name was given. Addressing all networks of default network_group: superpoint
[2026-08-28 22:24:09.673] [26128] [HailoRT] [info] [internal_buffer_manager.cpp:75] [print_execution_results] Default Internal buffer planner failed to meet requirements
[2026-08-28 22:24:09.673] [26128] [HailoRT] [info] [internal_buffer_manager.cpp:86] [print_execution_results] Default Internal buffer planner executed successfully
[2026-08-28 22:24:09.679] [26128] [HailoRT] [info] [device_internal.cpp:57] [configure] Configuring HEF took 10.464808 milliseconds
[2026-08-28 22:24:09.679] [26128] [HailoRT] [info] [vdevice.cpp:780] [configure] Configuring HEF on VDevice took 10.746545 milliseconds
[2026-08-28 22:24:09.679] [26128] [HailoRT] [info] [infer_model.cpp:417] [configure] Configuring network group 'superpoint' with params: batch size: 0, power mode: PERFORMANCE, latency: NONE
[2026-08-28 22:24:09.679] [26128] [HailoRT] [info] [multi_io_elements.cpp:754] [create] Created (AsyncHwEl)
[2026-08-28 22:24:09.679] [26128] [HailoRT] [info] [queue_elements.cpp:450] [create] Created (EntryPushQEl0superpoint/input_layer1 | timeout: 10s)
[2026-08-28 22:24:09.679] [26128] [HailoRT] [info] [queue_elements.cpp:450] [create] Created (PushQEl1AsyncHwEl | timeout: 10s)
[2026-08-28 22:24:09.679] [26128] [HailoRT] [info] [filter_elements.cpp:372] [create] Created (PostInferEl1AsyncHwEl | Quantization - src_type: UINT8, dst_type FLOAT32, limvals_min: -61.1455, limvals_max: 21.3524 | Reorder - src_order: FCR, src_shape: (50, 80, 72), dst_order: FCR, dst_shape: (50, 80, 65))
[2026-08-28 22:24:09.679] [26128] [HailoRT] [info] [edge_elements.cpp:187] [create] Created (LastAsyncEl0PostInferEl1AsyncHwEl)
[2026-08-28 22:24:09.679] [26128] [HailoRT] [info] [queue_elements.cpp:450] [create] Created (PushQEl0AsyncHwEl | timeout: 10s)
[2026-08-28 22:24:09.679] [26128] [HailoRT] [info] [filter_elements.cpp:372] [create] Created (PostInferEl0AsyncHwEl | Quantization - src_type: UINT8, dst_type FLOAT32, limvals_min: -893.941, limvals_max: 782.198)
[2026-08-28 22:24:09.679] [26128] [HailoRT] [info] [edge_elements.cpp:187] [create] Created (LastAsyncEl0PostInferEl0AsyncHwEl)
[2026-08-28 22:24:09.679] [26128] [HailoRT] [info] [pipeline.cpp:891] [print_deep_description] EntryPushQEl0superpoint/input_layer1 | inputs: user | outputs: AsyncHwEl(running in thread_id: 26152)
[2026-08-28 22:24:09.679] [26128] [HailoRT] [info] [pipeline.cpp:891] [print_deep_description] AsyncHwEl | inputs: EntryPushQEl0superpoint/input_layer1[0] | outputs: PushQEl0AsyncHwEl PushQEl1AsyncHwEl
[2026-08-28 22:24:09.679] [26128] [HailoRT] [info] [pipeline.cpp:891] [print_deep_description] PushQEl0AsyncHwEl | inputs: AsyncHwEl[0] | outputs: PostInferEl0AsyncHwEl(running in thread_id: 26154)
[2026-08-28 22:24:09.679] [26128] [HailoRT] [info] [pipeline.cpp:891] [print_deep_description] PostInferEl0AsyncHwEl | inputs: PushQEl0AsyncHwEl[0] | outputs: LastAsyncEl0PostInferEl0AsyncHwEl
[2026-08-28 22:24:09.679] [26128] [HailoRT] [info] [pipeline.cpp:891] [print_deep_description] LastAsyncEl0PostInferEl0AsyncHwEl | inputs: PostInferEl0AsyncHwEl[0] | outputs: user
[2026-08-28 22:24:09.679] [26128] [HailoRT] [info] [pipeline.cpp:891] [print_deep_description] PushQEl1AsyncHwEl | inputs: AsyncHwEl[0] | outputs: PostInferEl1AsyncHwEl(running in thread_id: 26153)
[2026-08-28 22:24:09.679] [26128] [HailoRT] [info] [pipeline.cpp:891] [print_deep_description] PostInferEl1AsyncHwEl | inputs: PushQEl1AsyncHwEl[0] | outputs: LastAsyncEl0PostInferEl1AsyncHwEl
[2026-08-28 22:24:09.679] [26128] [HailoRT] [info] [pipeline.cpp:891] [print_deep_description] LastAsyncEl0PostInferEl1AsyncHwEl | inputs: PostInferEl1AsyncHwEl[0] | outputs: user
[2026-08-28 22:32:31.214] [26128] [HailoRT] [info] [async_infer_runner.cpp:86] [shutdown] Pipeline was aborted. Shutting it down
[2026-08-28 22:32:31.215] [26128] [HailoRT] [info] [async_infer_runner.cpp:86] [shutdown] Pipeline was aborted. Shutting it down
[2026-08-28 22:32:31.215] [26128] [HailoRT] [info] [async_infer_runner.cpp:86] [shutdown] Pipeline was aborted. Shutting it down
[2026-08-28 22:32:31.215] [26128] [HailoRT] [info] [queue_elements.cpp:570] [execute_deactivate] enqueue() in element PushQEl0AsyncHwEl was aborted, got status = HAILO_SHUTDOWN_EVENT_SIGNALED(57)
[2026-08-28 22:32:31.215] [26128] [HailoRT] [info] [queue_elements.cpp:570] [execute_deactivate] enqueue() in element PushQEl1AsyncHwEl was aborted, got status = HAILO_SHUTDOWN_EVENT_SIGNALED(57)
[2026-08-28 22:32:31.215] [26128] [HailoRT] [info] [queue_elements.cpp:570] [execute_deactivate] enqueue() in element EntryPushQEl0superpoint/input_layer1 was aborted, got status = HAILO_SHUTDOWN_EVENT_SIGNALED(57)
[2026-08-28 22:32:31.215] [26128] [HailoRT] [info] [queue_elements.cpp:46] [~BaseQueueElement] Queue element EntryPushQEl0superpoint/input_layer1 has 0 frames in his Queue on destruction
[2026-08-28 22:32:31.215] [26128] [HailoRT] [info] [queue_elements.cpp:46] [~BaseQueueElement] Queue element PushQEl1AsyncHwEl has 0 frames in his Queue on destruction
[2026-08-28 22:32:31.216] [26128] [HailoRT] [info] [queue_elements.cpp:46] [~BaseQueueElement] Queue element PushQEl0AsyncHwEl has 0 frames in his Queue on destruction
[2026-08-28 22:32:33.572] [27370] [HailoRT] [info] [vdevice.cpp:535] [create] Creating vdevice with params: device_count: 1, scheduling_algorithm: ROUND_ROBIN, multi_process_service: false
[2026-08-28 22:32:33.583] [27370] [HailoRT] [info] [device.cpp:51] [Device] OS Version: Linux 6.18.34+rpt-rpi-2712 #1 SMP PREEMPT Debian 1:6.18.34-1+rpt1 (2026-06-09) aarch64
[2026-08-28 22:32:33.583] [27370] [HailoRT] [info] [control.cpp:113] [control__parse_identify_results] firmware_version is: 4.23.0
[2026-08-28 22:32:33.583] [27370] [HailoRT] [info] [vdevice.cpp:682] [create] VDevice Infos: 0001:01:00.0
[2026-08-28 22:32:33.586] [27370] [HailoRT] [info] [hef.cpp:1994] [get_network_group_and_network_name] No name was given. Addressing all networks of default network_group: superpoint
[2026-08-28 22:32:33.586] [27370] [HailoRT] [info] [hef.cpp:1994] [get_network_group_and_network_name] No name was given. Addressing all networks of default network_group: superpoint
[2026-08-28 22:32:33.592] [27370] [HailoRT] [info] [internal_buffer_manager.cpp:75] [print_execution_results] Default Internal buffer planner failed to meet requirements
[2026-08-28 22:32:33.592] [27370] [HailoRT] [info] [internal_buffer_manager.cpp:86] [print_execution_results] Default Internal buffer planner executed successfully
[2026-08-28 22:32:33.597] [27370] [HailoRT] [info] [device_internal.cpp:57] [configure] Configuring HEF took 10.533826 milliseconds
[2026-08-28 22:32:33.597] [27370] [HailoRT] [info] [vdevice.cpp:780] [configure] Configuring HEF on VDevice took 10.822415 milliseconds
[2026-08-28 22:32:33.597] [27370] [HailoRT] [info] [infer_model.cpp:417] [configure] Configuring network group 'superpoint' with params: batch size: 0, power mode: PERFORMANCE, latency: NONE
[2026-08-28 22:32:33.597] [27370] [HailoRT] [info] [multi_io_elements.cpp:754] [create] Created (AsyncHwEl)
[2026-08-28 22:32:33.597] [27370] [HailoRT] [info] [queue_elements.cpp:450] [create] Created (EntryPushQEl0superpoint/input_layer1 | timeout: 10s)
[2026-08-28 22:32:33.597] [27370] [HailoRT] [info] [queue_elements.cpp:450] [create] Created (PushQEl1AsyncHwEl | timeout: 10s)
[2026-08-28 22:32:33.597] [27370] [HailoRT] [info] [filter_elements.cpp:372] [create] Created (PostInferEl1AsyncHwEl | Quantization - src_type: UINT8, dst_type FLOAT32, limvals_min: -61.1455, limvals_max: 21.3524 | Reorder - src_order: FCR, src_shape: (50, 80, 72), dst_order: FCR, dst_shape: (50, 80, 65))
[2026-08-28 22:32:33.597] [27370] [HailoRT] [info] [edge_elements.cpp:187] [create] Created (LastAsyncEl0PostInferEl1AsyncHwEl)
[2026-08-28 22:32:33.598] [27370] [HailoRT] [info] [queue_elements.cpp:450] [create] Created (PushQEl0AsyncHwEl | timeout: 10s)
[2026-08-28 22:32:33.598] [27370] [HailoRT] [info] [filter_elements.cpp:372] [create] Created (PostInferEl0AsyncHwEl | Quantization - src_type: UINT8, dst_type FLOAT32, limvals_min: -893.941, limvals_max: 782.198)
[2026-08-28 22:32:33.598] [27370] [HailoRT] [info] [edge_elements.cpp:187] [create] Created (LastAsyncEl0PostInferEl0AsyncHwEl)
[2026-08-28 22:32:33.598] [27370] [HailoRT] [info] [pipeline.cpp:891] [print_deep_description] EntryPushQEl0superpoint/input_layer1 | inputs: user | outputs: AsyncHwEl(running in thread_id: 27405)
[2026-08-28 22:32:33.598] [27370] [HailoRT] [info] [pipeline.cpp:891] [print_deep_description] AsyncHwEl | inputs: EntryPushQEl0superpoint/input_layer1[0] | outputs: PushQEl0AsyncHwEl PushQEl1AsyncHwEl
[2026-08-28 22:32:33.598] [27370] [HailoRT] [info] [pipeline.cpp:891] [print_deep_description] PushQEl0AsyncHwEl | inputs: AsyncHwEl[0] | outputs: PostInferEl0AsyncHwEl(running in thread_id: 27407)
[2026-08-28 22:32:33.598] [27370] [HailoRT] [info] [pipeline.cpp:891] [print_deep_description] PostInferEl0AsyncHwEl | inputs: PushQEl0AsyncHwEl[0] | outputs: LastAsyncEl0PostInferEl0AsyncHwEl
[2026-08-28 22:32:33.598] [27370] [HailoRT] [info] [pipeline.cpp:891] [print_deep_description] LastAsyncEl0PostInferEl0AsyncHwEl | inputs: PostInferEl0AsyncHwEl[0] | outputs: user
[2026-08-28 22:32:33.598] [27370] [HailoRT] [info] [pipeline.cpp:891] [print_deep_description] PushQEl1AsyncHwEl | inputs: AsyncHwEl[0] | outputs: PostInferEl1AsyncHwEl(running in thread_id: 27406)
[2026-08-28 22:32:33.598] [27370] [HailoRT] [info] [pipeline.cpp:891] [print_deep_description] PostInferEl1AsyncHwEl | inputs: PushQEl1AsyncHwEl[0] | outputs: LastAsyncEl0PostInferEl1AsyncHwEl
[2026-08-28 22:32:33.598] [27370] [HailoRT] [info] [pipeline.cpp:891] [print_deep_description] LastAsyncEl0PostInferEl1AsyncHwEl | inputs: PostInferEl1AsyncHwEl[0] | outputs: user
[2026-08-28 22:41:50.405] [27370] [HailoRT] [info] [async_infer_runner.cpp:86] [shutdown] Pipeline was aborted. Shutting it down
[2026-08-28 22:41:50.405] [27370] [HailoRT] [info] [async_infer_runner.cpp:86] [shutdown] Pipeline was aborted. Shutting it down
[2026-08-28 22:41:50.405] [27370] [HailoRT] [info] [async_infer_runner.cpp:86] [shutdown] Pipeline was aborted. Shutting it down
[2026-08-28 22:41:50.405] [27370] [HailoRT] [info] [queue_elements.cpp:570] [execute_deactivate] enqueue() in element PushQEl0AsyncHwEl was aborted, got status = HAILO_SHUTDOWN_EVENT_SIGNALED(57)
[2026-08-28 22:41:50.405] [27370] [HailoRT] [info] [queue_elements.cpp:570] [execute_deactivate] enqueue() in element PushQEl1AsyncHwEl was aborted, got status = HAILO_SHUTDOWN_EVENT_SIGNALED(57)
[2026-08-28 22:41:50.405] [27370] [HailoRT] [info] [queue_elements.cpp:570] [execute_deactivate] enqueue() in element EntryPushQEl0superpoint/input_layer1 was aborted, got status = HAILO_SHUTDOWN_EVENT_SIGNALED(57)
[2026-08-28 22:41:50.405] [27370] [HailoRT] [info] [queue_elements.cpp:46] [~BaseQueueElement] Queue element EntryPushQEl0superpoint/input_layer1 has 0 frames in his Queue on destruction
[2026-08-28 22:41:50.405] [27370] [HailoRT] [info] [queue_elements.cpp:46] [~BaseQueueElement] Queue element PushQEl1AsyncHwEl has 0 frames in his Queue on destruction
[2026-08-28 22:41:50.406] [27370] [HailoRT] [info] [queue_elements.cpp:46] [~BaseQueueElement] Queue element PushQEl0AsyncHwEl has 0 frames in his Queue on destruction
[2026-08-28 22:41:52.790] [28518] [HailoRT] [info] [vdevice.cpp:535] [create] Creating vdevice with params: device_count: 1, scheduling_algorithm: ROUND_ROBIN, multi_process_service: false
[2026-08-28 22:41:52.803] [28518] [HailoRT] [info] [device.cpp:51] [Device] OS Version: Linux 6.18.34+rpt-rpi-2712 #1 SMP PREEMPT Debian 1:6.18.34-1+rpt1 (2026-06-09) aarch64
[2026-08-28 22:41:52.803] [28518] [HailoRT] [info] [control.cpp:113] [control__parse_identify_results] firmware_version is: 4.23.0
[2026-08-28 22:41:52.803] [28518] [HailoRT] [info] [vdevice.cpp:682] [create] VDevice Infos: 0001:01:00.0
[2026-08-28 22:41:52.805] [28518] [HailoRT] [info] [hef.cpp:1994] [get_network_group_and_network_name] No name was given. Addressing all networks of default network_group: superpoint
[2026-08-28 22:41:52.805] [28518] [HailoRT] [info] [hef.cpp:1994] [get_network_group_and_network_name] No name was given. Addressing all networks of default network_group: superpoint
[2026-08-28 22:41:52.811] [28518] [HailoRT] [info] [internal_buffer_manager.cpp:75] [print_execution_results] Default Internal buffer planner failed to meet requirements
[2026-08-28 22:41:52.811] [28518] [HailoRT] [info] [internal_buffer_manager.cpp:86] [print_execution_results] Default Internal buffer planner executed successfully
[2026-08-28 22:41:52.819] [28518] [HailoRT] [info] [device_internal.cpp:57] [configure] Configuring HEF took 13.470219 milliseconds
[2026-08-28 22:41:52.819] [28518] [HailoRT] [info] [vdevice.cpp:780] [configure] Configuring HEF on VDevice took 13.743364 milliseconds
[2026-08-28 22:41:52.819] [28518] [HailoRT] [info] [infer_model.cpp:417] [configure] Configuring network group 'superpoint' with params: batch size: 0, power mode: PERFORMANCE, latency: NONE
[2026-08-28 22:41:52.819] [28518] [HailoRT] [info] [multi_io_elements.cpp:754] [create] Created (AsyncHwEl)
[2026-08-28 22:41:52.819] [28518] [HailoRT] [info] [queue_elements.cpp:450] [create] Created (EntryPushQEl0superpoint/input_layer1 | timeout: 10s)
[2026-08-28 22:41:52.819] [28518] [HailoRT] [info] [queue_elements.cpp:450] [create] Created (PushQEl1AsyncHwEl | timeout: 10s)
[2026-08-28 22:41:52.819] [28518] [HailoRT] [info] [filter_elements.cpp:372] [create] Created (PostInferEl1AsyncHwEl | Quantization - src_type: UINT8, dst_type FLOAT32, limvals_min: -61.1455, limvals_max: 21.3524 | Reorder - src_order: FCR, src_shape: (50, 80, 72), dst_order: FCR, dst_shape: (50, 80, 65))
[2026-08-28 22:41:52.819] [28518] [HailoRT] [info] [edge_elements.cpp:187] [create] Created (LastAsyncEl0PostInferEl1AsyncHwEl)
[2026-08-28 22:41:52.819] [28518] [HailoRT] [info] [queue_elements.cpp:450] [create] Created (PushQEl0AsyncHwEl | timeout: 10s)
[2026-08-28 22:41:52.819] [28518] [HailoRT] [info] [filter_elements.cpp:372] [create] Created (PostInferEl0AsyncHwEl | Quantization - src_type: UINT8, dst_type FLOAT32, limvals_min: -893.941, limvals_max: 782.198)
[2026-08-28 22:41:52.819] [28518] [HailoRT] [info] [edge_elements.cpp:187] [create] Created (LastAsyncEl0PostInferEl0AsyncHwEl)
[2026-08-28 22:41:52.819] [28518] [HailoRT] [info] [pipeline.cpp:891] [print_deep_description] EntryPushQEl0superpoint/input_layer1 | inputs: user | outputs: AsyncHwEl(running in thread_id: 28546)
[2026-08-28 22:41:52.819] [28518] [HailoRT] [info] [pipeline.cpp:891] [print_deep_description] AsyncHwEl | inputs: EntryPushQEl0superpoint/input_layer1[0] | outputs: PushQEl0AsyncHwEl PushQEl1AsyncHwEl
[2026-08-28 22:41:52.819] [28518] [HailoRT] [info] [pipeline.cpp:891] [print_deep_description] PushQEl0AsyncHwEl | inputs: AsyncHwEl[0] | outputs: PostInferEl0AsyncHwEl(running in thread_id: 28548)
[2026-08-28 22:41:52.819] [28518] [HailoRT] [info] [pipeline.cpp:891] [print_deep_description] PostInferEl0AsyncHwEl | inputs: PushQEl0AsyncHwEl[0] | outputs: LastAsyncEl0PostInferEl0AsyncHwEl
[2026-08-28 22:41:52.819] [28518] [HailoRT] [info] [pipeline.cpp:891] [print_deep_description] LastAsyncEl0PostInferEl0AsyncHwEl | inputs: PostInferEl0AsyncHwEl[0] | outputs: user
[2026-08-28 22:41:52.819] [28518] [HailoRT] [info] [pipeline.cpp:891] [print_deep_description] PushQEl1AsyncHwEl | inputs: AsyncHwEl[0] | outputs: PostInferEl1AsyncHwEl(running in thread_id: 28547)
[2026-08-28 22:41:52.819] [28518] [HailoRT] [info] [pipeline.cpp:891] [print_deep_description] PostInferEl1AsyncHwEl | inputs: PushQEl1AsyncHwEl[0] | outputs: LastAsyncEl0PostInferEl1AsyncHwEl
[2026-08-28 22:41:52.819] [28518] [HailoRT] [info] [pipeline.cpp:891] [print_deep_description] LastAsyncEl0PostInferEl1AsyncHwEl | inputs: PostInferEl1AsyncHwEl[0] | outputs: user
[2026-08-28 22:47:26.570] [28518] [HailoRT] [info] [async_infer_runner.cpp:86] [shutdown] Pipeline was aborted. Shutting it down
[2026-08-28 22:47:26.570] [28518] [HailoRT] [info] [async_infer_runner.cpp:86] [shutdown] Pipeline was aborted. Shutting it down
[2026-08-28 22:47:26.570] [28518] [HailoRT] [info] [async_infer_runner.cpp:86] [shutdown] Pipeline was aborted. Shutting it down
[2026-08-28 22:47:26.570] [28518] [HailoRT] [info] [queue_elements.cpp:570] [execute_deactivate] enqueue() in element PushQEl0AsyncHwEl was aborted, got status = HAILO_SHUTDOWN_EVENT_SIGNALED(57)
[2026-08-28 22:47:26.570] [28518] [HailoRT] [info] [queue_elements.cpp:570] [execute_deactivate] enqueue() in element PushQEl1AsyncHwEl was aborted, got status = HAILO_SHUTDOWN_EVENT_SIGNALED(57)
[2026-08-28 22:47:26.570] [28518] [HailoRT] [info] [queue_elements.cpp:570] [execute_deactivate] enqueue() in element EntryPushQEl0superpoint/input_layer1 was aborted, got status = HAILO_SHUTDOWN_EVENT_SIGNALED(57)
[2026-08-28 22:47:26.570] [28518] [HailoRT] [info] [queue_elements.cpp:46] [~BaseQueueElement] Queue element EntryPushQEl0superpoint/input_layer1 has 0 frames in his Queue on destruction
[2026-08-28 22:47:26.570] [28518] [HailoRT] [info] [queue_elements.cpp:46] [~BaseQueueElement] Queue element PushQEl1AsyncHwEl has 0 frames in his Queue on destruction
[2026-08-28 22:47:26.570] [28518] [HailoRT] [info] [queue_elements.cpp:46] [~BaseQueueElement] Queue element PushQEl0AsyncHwEl has 0 frames in his Queue on destruction
[2026-08-28 22:47:28.777] [29284] [HailoRT] [info] [vdevice.cpp:535] [create] Creating vdevice with params: device_count: 1, scheduling_algorithm: ROUND_ROBIN, multi_process_service: false
[2026-08-28 22:47:28.790] [29284] [HailoRT] [info] [device.cpp:51] [Device] OS Version: Linux 6.18.34+rpt-rpi-2712 #1 SMP PREEMPT Debian 1:6.18.34-1+rpt1 (2026-06-09) aarch64
[2026-08-28 22:47:28.790] [29284] [HailoRT] [info] [control.cpp:113] [control__parse_identify_results] firmware_version is: 4.23.0
[2026-08-28 22:47:28.790] [29284] [HailoRT] [info] [vdevice.cpp:682] [create] VDevice Infos: 0001:01:00.0
[2026-08-28 22:47:28.793] [29284] [HailoRT] [info] [hef.cpp:1994] [get_network_group_and_network_name] No name was given. Addressing all networks of default network_group: superpoint
[2026-08-28 22:47:28.793] [29284] [HailoRT] [info] [hef.cpp:1994] [get_network_group_and_network_name] No name was given. Addressing all networks of default network_group: superpoint
[2026-08-28 22:47:28.799] [29284] [HailoRT] [info] [internal_buffer_manager.cpp:75] [print_execution_results] Default Internal buffer planner failed to meet requirements
[2026-08-28 22:47:28.799] [29284] [HailoRT] [info] [internal_buffer_manager.cpp:86] [print_execution_results] Default Internal buffer planner executed successfully
[2026-08-28 22:47:28.804] [29284] [HailoRT] [info] [device_internal.cpp:57] [configure] Configuring HEF took 10.606455 milliseconds
[2026-08-28 22:47:28.804] [29284] [HailoRT] [info] [vdevice.cpp:780] [configure] Configuring HEF on VDevice took 10.890044 milliseconds
[2026-08-28 22:47:28.804] [29284] [HailoRT] [info] [infer_model.cpp:417] [configure] Configuring network group 'superpoint' with params: batch size: 0, power mode: PERFORMANCE, latency: NONE
[2026-08-28 22:47:28.804] [29284] [HailoRT] [info] [multi_io_elements.cpp:754] [create] Created (AsyncHwEl)
[2026-08-28 22:47:28.804] [29284] [HailoRT] [info] [queue_elements.cpp:450] [create] Created (EntryPushQEl0superpoint/input_layer1 | timeout: 10s)
[2026-08-28 22:47:28.805] [29284] [HailoRT] [info] [queue_elements.cpp:450] [create] Created (PushQEl1AsyncHwEl | timeout: 10s)
[2026-08-28 22:47:28.805] [29284] [HailoRT] [info] [filter_elements.cpp:372] [create] Created (PostInferEl1AsyncHwEl | Quantization - src_type: UINT8, dst_type FLOAT32, limvals_min: -61.1455, limvals_max: 21.3524 | Reorder - src_order: FCR, src_shape: (50, 80, 72), dst_order: FCR, dst_shape: (50, 80, 65))
[2026-08-28 22:47:28.805] [29284] [HailoRT] [info] [edge_elements.cpp:187] [create] Created (LastAsyncEl0PostInferEl1AsyncHwEl)
[2026-08-28 22:47:28.805] [29284] [HailoRT] [info] [queue_elements.cpp:450] [create] Created (PushQEl0AsyncHwEl | timeout: 10s)
[2026-08-28 22:47:28.805] [29284] [HailoRT] [info] [filter_elements.cpp:372] [create] Created (PostInferEl0AsyncHwEl | Quantization - src_type: UINT8, dst_type FLOAT32, limvals_min: -893.941, limvals_max: 782.198)
[2026-08-28 22:47:28.805] [29284] [HailoRT] [info] [edge_elements.cpp:187] [create] Created (LastAsyncEl0PostInferEl0AsyncHwEl)
[2026-08-28 22:47:28.805] [29284] [HailoRT] [info] [pipeline.cpp:891] [print_deep_description] EntryPushQEl0superpoint/input_layer1 | inputs: user | outputs: AsyncHwEl(running in thread_id: 29312)
[2026-08-28 22:47:28.805] [29284] [HailoRT] [info] [pipeline.cpp:891] [print_deep_description] AsyncHwEl | inputs: EntryPushQEl0superpoint/input_layer1[0] | outputs: PushQEl0AsyncHwEl PushQEl1AsyncHwEl
[2026-08-28 22:47:28.805] [29284] [HailoRT] [info] [pipeline.cpp:891] [print_deep_description] PushQEl0AsyncHwEl | inputs: AsyncHwEl[0] | outputs: PostInferEl0AsyncHwEl(running in thread_id: 29314)
[2026-08-28 22:47:28.805] [29284] [HailoRT] [info] [pipeline.cpp:891] [print_deep_description] PostInferEl0AsyncHwEl | inputs: PushQEl0AsyncHwEl[0] | outputs: LastAsyncEl0PostInferEl0AsyncHwEl
[2026-08-28 22:47:28.805] [29284] [HailoRT] [info] [pipeline.cpp:891] [print_deep_description] LastAsyncEl0PostInferEl0AsyncHwEl | inputs: PostInferEl0AsyncHwEl[0] | outputs: user
[2026-08-28 22:47:28.805] [29284] [HailoRT] [info] [pipeline.cpp:891] [print_deep_description] PushQEl1AsyncHwEl | inputs: AsyncHwEl[0] | outputs: PostInferEl1AsyncHwEl(running in thread_id: 29313)
[2026-08-28 22:47:28.805] [29284] [HailoRT] [info] [pipeline.cpp:891] [print_deep_description] PostInferEl1AsyncHwEl | inputs: PushQEl1AsyncHwEl[0] | outputs: LastAsyncEl0PostInferEl1AsyncHwEl
[2026-08-28 22:47:28.805] [29284] [HailoRT] [info] [pipeline.cpp:891] [print_deep_description] LastAsyncEl0PostInferEl1AsyncHwEl | inputs: PostInferEl1AsyncHwEl[0] | outputs: user
[2026-08-28 22:52:47.780] [29284] [HailoRT] [info] [async_infer_runner.cpp:86] [shutdown] Pipeline was aborted. Shutting it down
[2026-08-28 22:52:47.780] [29284] [HailoRT] [info] [async_infer_runner.cpp:86] [shutdown] Pipeline was aborted. Shutting it down
[2026-08-28 22:52:47.780] [29284] [HailoRT] [info] [async_infer_runner.cpp:86] [shutdown] Pipeline was aborted. Shutting it down
[2026-08-28 22:52:47.780] [29284] [HailoRT] [info] [queue_elements.cpp:570] [execute_deactivate] enqueue() in element PushQEl0AsyncHwEl was aborted, got status = HAILO_SHUTDOWN_EVENT_SIGNALED(57)
[2026-08-28 22:52:47.780] [29284] [HailoRT] [info] [queue_elements.cpp:570] [execute_deactivate] enqueue() in element PushQEl1AsyncHwEl was aborted, got status = HAILO_SHUTDOWN_EVENT_SIGNALED(57)
[2026-08-28 22:52:47.780] [29284] [HailoRT] [info] [queue_elements.cpp:570] [execute_deactivate] enqueue() in element EntryPushQEl0superpoint/input_layer1 was aborted, got status = HAILO_SHUTDOWN_EVENT_SIGNALED(57)
[2026-08-28 22:52:47.780] [29284] [HailoRT] [info] [queue_elements.cpp:46] [~BaseQueueElement] Queue element EntryPushQEl0superpoint/input_layer1 has 0 frames in his Queue on destruction
[2026-08-28 22:52:47.780] [29284] [HailoRT] [info] [queue_elements.cpp:46] [~BaseQueueElement] Queue element PushQEl1AsyncHwEl has 0 frames in his Queue on destruction
[2026-08-28 22:52:47.780] [29284] [HailoRT] [info] [queue_elements.cpp:46] [~BaseQueueElement] Queue element PushQEl0AsyncHwEl has 0 frames in his Queue on destruction
[2026-08-28 22:52:50.166] [30093] [HailoRT] [info] [vdevice.cpp:535] [create] Creating vdevice with params: device_count: 1, scheduling_algorithm: ROUND_ROBIN, multi_process_service: false
[2026-08-28 22:52:50.178] [30093] [HailoRT] [info] [device.cpp:51] [Device] OS Version: Linux 6.18.34+rpt-rpi-2712 #1 SMP PREEMPT Debian 1:6.18.34-1+rpt1 (2026-06-09) aarch64
[2026-08-28 22:52:50.179] [30093] [HailoRT] [info] [control.cpp:113] [control__parse_identify_results] firmware_version is: 4.23.0
[2026-08-28 22:52:50.179] [30093] [HailoRT] [info] [vdevice.cpp:682] [create] VDevice Infos: 0001:01:00.0
[2026-08-28 22:52:50.181] [30093] [HailoRT] [info] [hef.cpp:1994] [get_network_group_and_network_name] No name was given. Addressing all networks of default network_group: superpoint
[2026-08-28 22:52:50.181] [30093] [HailoRT] [info] [hef.cpp:1994] [get_network_group_and_network_name] No name was given. Addressing all networks of default network_group: superpoint
[2026-08-28 22:52:50.187] [30093] [HailoRT] [info] [internal_buffer_manager.cpp:75] [print_execution_results] Default Internal buffer planner failed to meet requirements
[2026-08-28 22:52:50.187] [30093] [HailoRT] [info] [internal_buffer_manager.cpp:86] [print_execution_results] Default Internal buffer planner executed successfully
[2026-08-28 22:52:50.192] [30093] [HailoRT] [info] [device_internal.cpp:57] [configure] Configuring HEF took 10.564788 milliseconds
[2026-08-28 22:52:50.193] [30093] [HailoRT] [info] [vdevice.cpp:780] [configure] Configuring HEF on VDevice took 10.848933 milliseconds
[2026-08-28 22:52:50.193] [30093] [HailoRT] [info] [infer_model.cpp:417] [configure] Configuring network group 'superpoint' with params: batch size: 0, power mode: PERFORMANCE, latency: NONE
[2026-08-28 22:52:50.193] [30093] [HailoRT] [info] [multi_io_elements.cpp:754] [create] Created (AsyncHwEl)
[2026-08-28 22:52:50.193] [30093] [HailoRT] [info] [queue_elements.cpp:450] [create] Created (EntryPushQEl0superpoint/input_layer1 | timeout: 10s)
[2026-08-28 22:52:50.193] [30093] [HailoRT] [info] [queue_elements.cpp:450] [create] Created (PushQEl1AsyncHwEl | timeout: 10s)
[2026-08-28 22:52:50.193] [30093] [HailoRT] [info] [filter_elements.cpp:372] [create] Created (PostInferEl1AsyncHwEl | Quantization - src_type: UINT8, dst_type FLOAT32, limvals_min: -61.1455, limvals_max: 21.3524 | Reorder - src_order: FCR, src_shape: (50, 80, 72), dst_order: FCR, dst_shape: (50, 80, 65))
[2026-08-28 22:52:50.193] [30093] [HailoRT] [info] [edge_elements.cpp:187] [create] Created (LastAsyncEl0PostInferEl1AsyncHwEl)
[2026-08-28 22:52:50.193] [30093] [HailoRT] [info] [queue_elements.cpp:450] [create] Created (PushQEl0AsyncHwEl | timeout: 10s)
[2026-08-28 22:52:50.193] [30093] [HailoRT] [info] [filter_elements.cpp:372] [create] Created (PostInferEl0AsyncHwEl | Quantization - src_type: UINT8, dst_type FLOAT32, limvals_min: -893.941, limvals_max: 782.198)
[2026-08-28 22:52:50.193] [30093] [HailoRT] [info] [edge_elements.cpp:187] [create] Created (LastAsyncEl0PostInferEl0AsyncHwEl)
[2026-08-28 22:52:50.193] [30093] [HailoRT] [info] [pipeline.cpp:891] [print_deep_description] EntryPushQEl0superpoint/input_layer1 | inputs: user | outputs: AsyncHwEl(running in thread_id: 30121)
[2026-08-28 22:52:50.193] [30093] [HailoRT] [info] [pipeline.cpp:891] [print_deep_description] AsyncHwEl | inputs: EntryPushQEl0superpoint/input_layer1[0] | outputs: PushQEl0AsyncHwEl PushQEl1AsyncHwEl
[2026-08-28 22:52:50.193] [30093] [HailoRT] [info] [pipeline.cpp:891] [print_deep_description] PushQEl0AsyncHwEl | inputs: AsyncHwEl[0] | outputs: PostInferEl0AsyncHwEl(running in thread_id: 30123)
[2026-08-28 22:52:50.193] [30093] [HailoRT] [info] [pipeline.cpp:891] [print_deep_description] PostInferEl0AsyncHwEl | inputs: PushQEl0AsyncHwEl[0] | outputs: LastAsyncEl0PostInferEl0AsyncHwEl
[2026-08-28 22:52:50.193] [30093] [HailoRT] [info] [pipeline.cpp:891] [print_deep_description] LastAsyncEl0PostInferEl0AsyncHwEl | inputs: PostInferEl0AsyncHwEl[0] | outputs: user
[2026-08-28 22:52:50.193] [30093] [HailoRT] [info] [pipeline.cpp:891] [print_deep_description] PushQEl1AsyncHwEl | inputs: AsyncHwEl[0] | outputs: PostInferEl1AsyncHwEl(running in thread_id: 30122)
[2026-08-28 22:52:50.193] [30093] [HailoRT] [info] [pipeline.cpp:891] [print_deep_description] PostInferEl1AsyncHwEl | inputs: PushQEl1AsyncHwEl[0] | outputs: LastAsyncEl0PostInferEl1AsyncHwEl
[2026-08-28 22:52:50.193] [30093] [HailoRT] [info] [pipeline.cpp:891] [print_deep_description] LastAsyncEl0PostInferEl1AsyncHwEl | inputs: PostInferEl1AsyncHwEl[0] | outputs: user
[2026-08-28 22:56:16.300] [30093] [HailoRT] [info] [async_infer_runner.cpp:86] [shutdown] Pipeline was aborted. Shutting it down
[2026-08-28 22:56:16.301] [30093] [HailoRT] [info] [async_infer_runner.cpp:86] [shutdown] Pipeline was aborted. Shutting it down
[2026-08-28 22:56:16.301] [30093] [HailoRT] [info] [async_infer_runner.cpp:86] [shutdown] Pipeline was aborted. Shutting it down
[2026-08-28 22:56:16.301] [30093] [HailoRT] [info] [queue_elements.cpp:570] [execute_deactivate] enqueue() in element PushQEl0AsyncHwEl was aborted, got status = HAILO_SHUTDOWN_EVENT_SIGNALED(57)
[2026-08-28 22:56:16.301] [30093] [HailoRT] [info] [queue_elements.cpp:570] [execute_deactivate] enqueue() in element PushQEl1AsyncHwEl was aborted, got status = HAILO_SHUTDOWN_EVENT_SIGNALED(57)
[2026-08-28 22:56:16.301] [30093] [HailoRT] [info] [queue_elements.cpp:570] [execute_deactivate] enqueue() in element EntryPushQEl0superpoint/input_layer1 was aborted, got status = HAILO_SHUTDOWN_EVENT_SIGNALED(57)
[2026-08-28 22:56:16.301] [30093] [HailoRT] [info] [queue_elements.cpp:46] [~BaseQueueElement] Queue element EntryPushQEl0superpoint/input_layer1 has 0 frames in his Queue on destruction
[2026-08-28 22:56:16.301] [30093] [HailoRT] [info] [queue_elements.cpp:46] [~BaseQueueElement] Queue element PushQEl1AsyncHwEl has 0 frames in his Queue on destruction
[2026-08-28 22:56:16.301] [30093] [HailoRT] [info] [queue_elements.cpp:46] [~BaseQueueElement] Queue element PushQEl0AsyncHwEl has 0 frames in his Queue on destruction
[2026-08-28 22:56:18.764] [30677] [HailoRT] [info] [vdevice.cpp:535] [create] Creating vdevice with params: device_count: 1, scheduling_algorithm: ROUND_ROBIN, multi_process_service: false
[2026-08-28 22:56:18.775] [30677] [HailoRT] [info] [device.cpp:51] [Device] OS Version: Linux 6.18.34+rpt-rpi-2712 #1 SMP PREEMPT Debian 1:6.18.34-1+rpt1 (2026-06-09) aarch64
[2026-08-28 22:56:18.775] [30677] [HailoRT] [info] [control.cpp:113] [control__parse_identify_results] firmware_version is: 4.23.0
[2026-08-28 22:56:18.775] [30677] [HailoRT] [info] [vdevice.cpp:682] [create] VDevice Infos: 0001:01:00.0
[2026-08-28 22:56:18.777] [30677] [HailoRT] [info] [hef.cpp:1994] [get_network_group_and_network_name] No name was given. Addressing all networks of default network_group: superpoint
[2026-08-28 22:56:18.777] [30677] [HailoRT] [info] [hef.cpp:1994] [get_network_group_and_network_name] No name was given. Addressing all networks of default network_group: superpoint
[2026-08-28 22:56:18.782] [30677] [HailoRT] [info] [internal_buffer_manager.cpp:75] [print_execution_results] Default Internal buffer planner failed to meet requirements
[2026-08-28 22:56:18.782] [30677] [HailoRT] [info] [internal_buffer_manager.cpp:86] [print_execution_results] Default Internal buffer planner executed successfully
[2026-08-28 22:56:18.788] [30677] [HailoRT] [info] [device_internal.cpp:57] [configure] Configuring HEF took 10.374716 milliseconds
[2026-08-28 22:56:18.788] [30677] [HailoRT] [info] [vdevice.cpp:780] [configure] Configuring HEF on VDevice took 10.638621 milliseconds
[2026-08-28 22:56:18.788] [30677] [HailoRT] [info] [infer_model.cpp:417] [configure] Configuring network group 'superpoint' with params: batch size: 0, power mode: PERFORMANCE, latency: NONE
[2026-08-28 22:56:18.788] [30677] [HailoRT] [info] [multi_io_elements.cpp:754] [create] Created (AsyncHwEl)
[2026-08-28 22:56:18.788] [30677] [HailoRT] [info] [queue_elements.cpp:450] [create] Created (EntryPushQEl0superpoint/input_layer1 | timeout: 10s)
[2026-08-28 22:56:18.788] [30677] [HailoRT] [info] [queue_elements.cpp:450] [create] Created (PushQEl1AsyncHwEl | timeout: 10s)
[2026-08-28 22:56:18.788] [30677] [HailoRT] [info] [filter_elements.cpp:372] [create] Created (PostInferEl1AsyncHwEl | Quantization - src_type: UINT8, dst_type FLOAT32, limvals_min: -61.1455, limvals_max: 21.3524 | Reorder - src_order: FCR, src_shape: (50, 80, 72), dst_order: FCR, dst_shape: (50, 80, 65))
[2026-08-28 22:56:18.788] [30677] [HailoRT] [info] [edge_elements.cpp:187] [create] Created (LastAsyncEl0PostInferEl1AsyncHwEl)
[2026-08-28 22:56:18.788] [30677] [HailoRT] [info] [queue_elements.cpp:450] [create] Created (PushQEl0AsyncHwEl | timeout: 10s)
[2026-08-28 22:56:18.788] [30677] [HailoRT] [info] [filter_elements.cpp:372] [create] Created (PostInferEl0AsyncHwEl | Quantization - src_type: UINT8, dst_type FLOAT32, limvals_min: -893.941, limvals_max: 782.198)
[2026-08-28 22:56:18.788] [30677] [HailoRT] [info] [edge_elements.cpp:187] [create] Created (LastAsyncEl0PostInferEl0AsyncHwEl)
[2026-08-28 22:56:18.788] [30677] [HailoRT] [info] [pipeline.cpp:891] [print_deep_description] EntryPushQEl0superpoint/input_layer1 | inputs: user | outputs: AsyncHwEl(running in thread_id: 30705)
[2026-08-28 22:56:18.788] [30677] [HailoRT] [info] [pipeline.cpp:891] [print_deep_description] AsyncHwEl | inputs: EntryPushQEl0superpoint/input_layer1[0] | outputs: PushQEl0AsyncHwEl PushQEl1AsyncHwEl
[2026-08-28 22:56:18.788] [30677] [HailoRT] [info] [pipeline.cpp:891] [print_deep_description] PushQEl0AsyncHwEl | inputs: AsyncHwEl[0] | outputs: PostInferEl0AsyncHwEl(running in thread_id: 30707)
[2026-08-28 22:56:18.788] [30677] [HailoRT] [info] [pipeline.cpp:891] [print_deep_description] PostInferEl0AsyncHwEl | inputs: PushQEl0AsyncHwEl[0] | outputs: LastAsyncEl0PostInferEl0AsyncHwEl
[2026-08-28 22:56:18.788] [30677] [HailoRT] [info] [pipeline.cpp:891] [print_deep_description] LastAsyncEl0PostInferEl0AsyncHwEl | inputs: PostInferEl0AsyncHwEl[0] | outputs: user
[2026-08-28 22:56:18.788] [30677] [HailoRT] [info] [pipeline.cpp:891] [print_deep_description] PushQEl1AsyncHwEl | inputs: AsyncHwEl[0] | outputs: PostInferEl1AsyncHwEl(running in thread_id: 30706)
[2026-08-28 22:56:18.788] [30677] [HailoRT] [info] [pipeline.cpp:891] [print_deep_description] PostInferEl1AsyncHwEl | inputs: PushQEl1AsyncHwEl[0] | outputs: LastAsyncEl0PostInferEl1AsyncHwEl
[2026-08-28 22:56:18.788] [30677] [HailoRT] [info] [pipeline.cpp:891] [print_deep_description] LastAsyncEl0PostInferEl1AsyncHwEl | inputs: PostInferEl1AsyncHwEl[0] | outputs: user
[2026-08-28 22:57:38.515] [30677] [HailoRT] [info] [async_infer_runner.cpp:86] [shutdown] Pipeline was aborted. Shutting it down
[2026-08-28 22:57:38.516] [30677] [HailoRT] [info] [async_infer_runner.cpp:86] [shutdown] Pipeline was aborted. Shutting it down
[2026-08-28 22:57:38.516] [30677] [HailoRT] [info] [async_infer_runner.cpp:86] [shutdown] Pipeline was aborted. Shutting it down
[2026-08-28 22:57:38.516] [30677] [HailoRT] [info] [queue_elements.cpp:570] [execute_deactivate] enqueue() in element PushQEl0AsyncHwEl was aborted, got status = HAILO_SHUTDOWN_EVENT_SIGNALED(57)
[2026-08-28 22:57:38.516] [30677] [HailoRT] [info] [queue_elements.cpp:570] [execute_deactivate] enqueue() in element PushQEl1AsyncHwEl was aborted, got status = HAILO_SHUTDOWN_EVENT_SIGNALED(57)
[2026-08-28 22:57:38.516] [30677] [HailoRT] [info] [queue_elements.cpp:570] [execute_deactivate] enqueue() in element EntryPushQEl0superpoint/input_layer1 was aborted, got status = HAILO_SHUTDOWN_EVENT_SIGNALED(57)
[2026-08-28 22:57:38.516] [30677] [HailoRT] [info] [queue_elements.cpp:46] [~BaseQueueElement] Queue element EntryPushQEl0superpoint/input_layer1 has 0 frames in his Queue on destruction
[2026-08-28 22:57:38.516] [30677] [HailoRT] [info] [queue_elements.cpp:46] [~BaseQueueElement] Queue element PushQEl1AsyncHwEl has 0 frames in his Queue on destruction
[2026-08-28 22:57:38.516] [30677] [HailoRT] [info] [queue_elements.cpp:46] [~BaseQueueElement] Queue element PushQEl0AsyncHwEl has 0 frames in his Queue on destruction
[2026-08-28 22:57:40.934] [30984] [HailoRT] [info] [vdevice.cpp:535] [create] Creating vdevice with params: device_count: 1, scheduling_algorithm: ROUND_ROBIN, multi_process_service: false
[2026-08-28 22:57:40.946] [30984] [HailoRT] [info] [device.cpp:51] [Device] OS Version: Linux 6.18.34+rpt-rpi-2712 #1 SMP PREEMPT Debian 1:6.18.34-1+rpt1 (2026-06-09) aarch64
[2026-08-28 22:57:40.946] [30984] [HailoRT] [info] [control.cpp:113] [control__parse_identify_results] firmware_version is: 4.23.0
[2026-08-28 22:57:40.947] [30984] [HailoRT] [info] [vdevice.cpp:682] [create] VDevice Infos: 0001:01:00.0
[2026-08-28 22:57:40.950] [30984] [HailoRT] [info] [hef.cpp:1994] [get_network_group_and_network_name] No name was given. Addressing all networks of default network_group: superpoint
[2026-08-28 22:57:40.950] [30984] [HailoRT] [info] [hef.cpp:1994] [get_network_group_and_network_name] No name was given. Addressing all networks of default network_group: superpoint
[2026-08-28 22:57:40.956] [30984] [HailoRT] [info] [internal_buffer_manager.cpp:75] [print_execution_results] Default Internal buffer planner failed to meet requirements
[2026-08-28 22:57:40.956] [30984] [HailoRT] [info] [internal_buffer_manager.cpp:86] [print_execution_results] Default Internal buffer planner executed successfully
[2026-08-28 22:57:40.961] [30984] [HailoRT] [info] [device_internal.cpp:57] [configure] Configuring HEF took 10.582307 milliseconds
[2026-08-28 22:57:40.961] [30984] [HailoRT] [info] [vdevice.cpp:780] [configure] Configuring HEF on VDevice took 10.903284 milliseconds
[2026-08-28 22:57:40.961] [30984] [HailoRT] [info] [infer_model.cpp:417] [configure] Configuring network group 'superpoint' with params: batch size: 0, power mode: PERFORMANCE, latency: NONE
[2026-08-28 22:57:40.961] [30984] [HailoRT] [info] [multi_io_elements.cpp:754] [create] Created (AsyncHwEl)
[2026-08-28 22:57:40.961] [30984] [HailoRT] [info] [queue_elements.cpp:450] [create] Created (EntryPushQEl0superpoint/input_layer1 | timeout: 10s)
[2026-08-28 22:57:40.962] [30984] [HailoRT] [info] [queue_elements.cpp:450] [create] Created (PushQEl1AsyncHwEl | timeout: 10s)
[2026-08-28 22:57:40.962] [30984] [HailoRT] [info] [filter_elements.cpp:372] [create] Created (PostInferEl1AsyncHwEl | Quantization - src_type: UINT8, dst_type FLOAT32, limvals_min: -61.1455, limvals_max: 21.3524 | Reorder - src_order: FCR, src_shape: (50, 80, 72), dst_order: FCR, dst_shape: (50, 80, 65))
[2026-08-28 22:57:40.962] [30984] [HailoRT] [info] [edge_elements.cpp:187] [create] Created (LastAsyncEl0PostInferEl1AsyncHwEl)
[2026-08-28 22:57:40.962] [30984] [HailoRT] [info] [queue_elements.cpp:450] [create] Created (PushQEl0AsyncHwEl | timeout: 10s)
[2026-08-28 22:57:40.962] [30984] [HailoRT] [info] [filter_elements.cpp:372] [create] Created (PostInferEl0AsyncHwEl | Quantization - src_type: UINT8, dst_type FLOAT32, limvals_min: -893.941, limvals_max: 782.198)
[2026-08-28 22:57:40.962] [30984] [HailoRT] [info] [edge_elements.cpp:187] [create] Created (LastAsyncEl0PostInferEl0AsyncHwEl)
[2026-08-28 22:57:40.962] [30984] [HailoRT] [info] [pipeline.cpp:891] [print_deep_description] EntryPushQEl0superpoint/input_layer1 | inputs: user | outputs: AsyncHwEl(running in thread_id: 31012)
[2026-08-28 22:57:40.962] [30984] [HailoRT] [info] [pipeline.cpp:891] [print_deep_description] AsyncHwEl | inputs: EntryPushQEl0superpoint/input_layer1[0] | outputs: PushQEl0AsyncHwEl PushQEl1AsyncHwEl
[2026-08-28 22:57:40.962] [30984] [HailoRT] [info] [pipeline.cpp:891] [print_deep_description] PushQEl0AsyncHwEl | inputs: AsyncHwEl[0] | outputs: PostInferEl0AsyncHwEl(running in thread_id: 31014)
[2026-08-28 22:57:40.962] [30984] [HailoRT] [info] [pipeline.cpp:891] [print_deep_description] PostInferEl0AsyncHwEl | inputs: PushQEl0AsyncHwEl[0] | outputs: LastAsyncEl0PostInferEl0AsyncHwEl
[2026-08-28 22:57:40.962] [30984] [HailoRT] [info] [pipeline.cpp:891] [print_deep_description] LastAsyncEl0PostInferEl0AsyncHwEl | inputs: PostInferEl0AsyncHwEl[0] | outputs: user
[2026-08-28 22:57:40.962] [30984] [HailoRT] [info] [pipeline.cpp:891] [print_deep_description] PushQEl1AsyncHwEl | inputs: AsyncHwEl[0] | outputs: PostInferEl1AsyncHwEl(running in thread_id: 31013)
[2026-08-28 22:57:40.962] [30984] [HailoRT] [info] [pipeline.cpp:891] [print_deep_description] PostInferEl1AsyncHwEl | inputs: PushQEl1AsyncHwEl[0] | outputs: LastAsyncEl0PostInferEl1AsyncHwEl
[2026-08-28 22:57:40.962] [30984] [HailoRT] [info] [pipeline.cpp:891] [print_deep_description] LastAsyncEl0PostInferEl1AsyncHwEl | inputs: PostInferEl1AsyncHwEl[0] | outputs: user
[2026-08-28 23:00:28.995] [30984] [HailoRT] [info] [async_infer_runner.cpp:86] [shutdown] Pipeline was aborted. Shutting it down
[2026-08-28 23:00:28.996] [30984] [HailoRT] [info] [async_infer_runner.cpp:86] [shutdown] Pipeline was aborted. Shutting it down
[2026-08-28 23:00:28.996] [30984] [HailoRT] [info] [async_infer_runner.cpp:86] [shutdown] Pipeline was aborted. Shutting it down
[2026-08-28 23:00:28.996] [30984] [HailoRT] [info] [queue_elements.cpp:570] [execute_deactivate] enqueue() in element PushQEl0AsyncHwEl was aborted, got status = HAILO_SHUTDOWN_EVENT_SIGNALED(57)
[2026-08-28 23:00:28.996] [30984] [HailoRT] [info] [queue_elements.cpp:570] [execute_deactivate] enqueue() in element PushQEl1AsyncHwEl was aborted, got status = HAILO_SHUTDOWN_EVENT_SIGNALED(57)
[2026-08-28 23:00:28.996] [30984] [HailoRT] [info] [queue_elements.cpp:570] [execute_deactivate] enqueue() in element EntryPushQEl0superpoint/input_layer1 was aborted, got status = HAILO_SHUTDOWN_EVENT_SIGNALED(57)
[2026-08-28 23:00:28.996] [30984] [HailoRT] [info] [queue_elements.cpp:46] [~BaseQueueElement] Queue element EntryPushQEl0superpoint/input_layer1 has 0 frames in his Queue on destruction
[2026-08-28 23:00:28.996] [30984] [HailoRT] [info] [queue_elements.cpp:46] [~BaseQueueElement] Queue element PushQEl1AsyncHwEl has 0 frames in his Queue on destruction
[2026-08-28 23:00:28.996] [30984] [HailoRT] [info] [queue_elements.cpp:46] [~BaseQueueElement] Queue element PushQEl0AsyncHwEl has 0 frames in his Queue on destruction
[2026-08-28 23:00:31.167] [31417] [HailoRT] [info] [vdevice.cpp:535] [create] Creating vdevice with params: device_count: 1, scheduling_algorithm: ROUND_ROBIN, multi_process_service: false
[2026-08-28 23:00:31.179] [31417] [HailoRT] [info] [device.cpp:51] [Device] OS Version: Linux 6.18.34+rpt-rpi-2712 #1 SMP PREEMPT Debian 1:6.18.34-1+rpt1 (2026-06-09) aarch64
[2026-08-28 23:00:31.179] [31417] [HailoRT] [info] [control.cpp:113] [control__parse_identify_results] firmware_version is: 4.23.0
[2026-08-28 23:00:31.179] [31417] [HailoRT] [info] [vdevice.cpp:682] [create] VDevice Infos: 0001:01:00.0
[2026-08-28 23:00:31.181] [31417] [HailoRT] [info] [hef.cpp:1994] [get_network_group_and_network_name] No name was given. Addressing all networks of default network_group: superpoint
[2026-08-28 23:00:31.181] [31417] [HailoRT] [info] [hef.cpp:1994] [get_network_group_and_network_name] No name was given. Addressing all networks of default network_group: superpoint
[2026-08-28 23:00:31.186] [31417] [HailoRT] [info] [internal_buffer_manager.cpp:75] [print_execution_results] Default Internal buffer planner failed to meet requirements
[2026-08-28 23:00:31.186] [31417] [HailoRT] [info] [internal_buffer_manager.cpp:86] [print_execution_results] Default Internal buffer planner executed successfully
[2026-08-28 23:00:31.192] [31417] [HailoRT] [info] [device_internal.cpp:57] [configure] Configuring HEF took 11.184597 milliseconds
[2026-08-28 23:00:31.192] [31417] [HailoRT] [info] [vdevice.cpp:780] [configure] Configuring HEF on VDevice took 11.567777 milliseconds
[2026-08-28 23:00:31.193] [31417] [HailoRT] [info] [infer_model.cpp:417] [configure] Configuring network group 'superpoint' with params: batch size: 0, power mode: PERFORMANCE, latency: NONE
[2026-08-28 23:00:31.193] [31417] [HailoRT] [info] [multi_io_elements.cpp:754] [create] Created (AsyncHwEl)
[2026-08-28 23:00:31.193] [31417] [HailoRT] [info] [queue_elements.cpp:450] [create] Created (EntryPushQEl0superpoint/input_layer1 | timeout: 10s)
[2026-08-28 23:00:31.193] [31417] [HailoRT] [info] [queue_elements.cpp:450] [create] Created (PushQEl1AsyncHwEl | timeout: 10s)
[2026-08-28 23:00:31.193] [31417] [HailoRT] [info] [filter_elements.cpp:372] [create] Created (PostInferEl1AsyncHwEl | Quantization - src_type: UINT8, dst_type FLOAT32, limvals_min: -61.1455, limvals_max: 21.3524 | Reorder - src_order: FCR, src_shape: (50, 80, 72), dst_order: FCR, dst_shape: (50, 80, 65))
[2026-08-28 23:00:31.193] [31417] [HailoRT] [info] [edge_elements.cpp:187] [create] Created (LastAsyncEl0PostInferEl1AsyncHwEl)
[2026-08-28 23:00:31.193] [31417] [HailoRT] [info] [queue_elements.cpp:450] [create] Created (PushQEl0AsyncHwEl | timeout: 10s)
[2026-08-28 23:00:31.194] [31417] [HailoRT] [info] [filter_elements.cpp:372] [create] Created (PostInferEl0AsyncHwEl | Quantization - src_type: UINT8, dst_type FLOAT32, limvals_min: -893.941, limvals_max: 782.198)
[2026-08-28 23:00:31.194] [31417] [HailoRT] [info] [edge_elements.cpp:187] [create] Created (LastAsyncEl0PostInferEl0AsyncHwEl)
[2026-08-28 23:00:31.194] [31417] [HailoRT] [info] [pipeline.cpp:891] [print_deep_description] EntryPushQEl0superpoint/input_layer1 | inputs: user | outputs: AsyncHwEl(running in thread_id: 31445)
[2026-08-28 23:00:31.194] [31417] [HailoRT] [info] [pipeline.cpp:891] [print_deep_description] AsyncHwEl | inputs: EntryPushQEl0superpoint/input_layer1[0] | outputs: PushQEl0AsyncHwEl PushQEl1AsyncHwEl
[2026-08-28 23:00:31.194] [31417] [HailoRT] [info] [pipeline.cpp:891] [print_deep_description] PushQEl0AsyncHwEl | inputs: AsyncHwEl[0] | outputs: PostInferEl0AsyncHwEl(running in thread_id: 31447)
[2026-08-28 23:00:31.194] [31417] [HailoRT] [info] [pipeline.cpp:891] [print_deep_description] PostInferEl0AsyncHwEl | inputs: PushQEl0AsyncHwEl[0] | outputs: LastAsyncEl0PostInferEl0AsyncHwEl
[2026-08-28 23:00:31.194] [31417] [HailoRT] [info] [pipeline.cpp:891] [print_deep_description] LastAsyncEl0PostInferEl0AsyncHwEl | inputs: PostInferEl0AsyncHwEl[0] | outputs: user
[2026-08-28 23:00:31.194] [31417] [HailoRT] [info] [pipeline.cpp:891] [print_deep_description] PushQEl1AsyncHwEl | inputs: AsyncHwEl[0] | outputs: PostInferEl1AsyncHwEl(running in thread_id: 31446)
[2026-08-28 23:00:31.194] [31417] [HailoRT] [info] [pipeline.cpp:891] [print_deep_description] PostInferEl1AsyncHwEl | inputs: PushQEl1AsyncHwEl[0] | outputs: LastAsyncEl0PostInferEl1AsyncHwEl
[2026-08-28 23:00:31.194] [31417] [HailoRT] [info] [pipeline.cpp:891] [print_deep_description] LastAsyncEl0PostInferEl1AsyncHwEl | inputs: PostInferEl1AsyncHwEl[0] | outputs: user
[2026-08-28 23:02:32.632] [31417] [HailoRT] [info] [async_infer_runner.cpp:86] [shutdown] Pipeline was aborted. Shutting it down
[2026-08-28 23:02:32.632] [31417] [HailoRT] [info] [async_infer_runner.cpp:86] [shutdown] Pipeline was aborted. Shutting it down
[2026-08-28 23:02:32.632] [31417] [HailoRT] [info] [async_infer_runner.cpp:86] [shutdown] Pipeline was aborted. Shutting it down
[2026-08-28 23:02:32.632] [31417] [HailoRT] [info] [queue_elements.cpp:570] [execute_deactivate] enqueue() in element PushQEl0AsyncHwEl was aborted, got status = HAILO_SHUTDOWN_EVENT_SIGNALED(57)
[2026-08-28 23:02:32.632] [31417] [HailoRT] [info] [queue_elements.cpp:570] [execute_deactivate] enqueue() in element PushQEl1AsyncHwEl was aborted, got status = HAILO_SHUTDOWN_EVENT_SIGNALED(57)
[2026-08-28 23:02:32.632] [31417] [HailoRT] [info] [queue_elements.cpp:570] [execute_deactivate] enqueue() in element EntryPushQEl0superpoint/input_layer1 was aborted, got status = HAILO_SHUTDOWN_EVENT_SIGNALED(57)
[2026-08-28 23:02:32.632] [31417] [HailoRT] [info] [queue_elements.cpp:46] [~BaseQueueElement] Queue element EntryPushQEl0superpoint/input_layer1 has 0 frames in his Queue on destruction
[2026-08-28 23:02:32.632] [31417] [HailoRT] [info] [queue_elements.cpp:46] [~BaseQueueElement] Queue element PushQEl1AsyncHwEl has 0 frames in his Queue on destruction
[2026-08-28 23:02:32.633] [31417] [HailoRT] [info] [queue_elements.cpp:46] [~BaseQueueElement] Queue element PushQEl0AsyncHwEl has 0 frames in his Queue on destruction
[2026-08-28 23:02:35.080] [31756] [HailoRT] [info] [vdevice.cpp:535] [create] Creating vdevice with params: device_count: 1, scheduling_algorithm: ROUND_ROBIN, multi_process_service: false
[2026-08-28 23:02:35.091] [31756] [HailoRT] [info] [device.cpp:51] [Device] OS Version: Linux 6.18.34+rpt-rpi-2712 #1 SMP PREEMPT Debian 1:6.18.34-1+rpt1 (2026-06-09) aarch64
[2026-08-28 23:02:35.091] [31756] [HailoRT] [info] [control.cpp:113] [control__parse_identify_results] firmware_version is: 4.23.0
[2026-08-28 23:02:35.091] [31756] [HailoRT] [info] [vdevice.cpp:682] [create] VDevice Infos: 0001:01:00.0
[2026-08-28 23:02:35.093] [31756] [HailoRT] [info] [hef.cpp:1994] [get_network_group_and_network_name] No name was given. Addressing all networks of default network_group: superpoint
[2026-08-28 23:02:35.093] [31756] [HailoRT] [info] [hef.cpp:1994] [get_network_group_and_network_name] No name was given. Addressing all networks of default network_group: superpoint
[2026-08-28 23:02:35.098] [31756] [HailoRT] [info] [internal_buffer_manager.cpp:75] [print_execution_results] Default Internal buffer planner failed to meet requirements
[2026-08-28 23:02:35.098] [31756] [HailoRT] [info] [internal_buffer_manager.cpp:86] [print_execution_results] Default Internal buffer planner executed successfully
[2026-08-28 23:02:35.104] [31756] [HailoRT] [info] [device_internal.cpp:57] [configure] Configuring HEF took 10.936858 milliseconds
[2026-08-28 23:02:35.104] [31756] [HailoRT] [info] [vdevice.cpp:780] [configure] Configuring HEF on VDevice took 11.221078 milliseconds
[2026-08-28 23:02:35.104] [31756] [HailoRT] [info] [infer_model.cpp:417] [configure] Configuring network group 'superpoint' with params: batch size: 0, power mode: PERFORMANCE, latency: NONE
[2026-08-28 23:02:35.104] [31756] [HailoRT] [info] [multi_io_elements.cpp:754] [create] Created (AsyncHwEl)
[2026-08-28 23:02:35.105] [31756] [HailoRT] [info] [queue_elements.cpp:450] [create] Created (EntryPushQEl0superpoint/input_layer1 | timeout: 10s)
[2026-08-28 23:02:35.105] [31756] [HailoRT] [info] [queue_elements.cpp:450] [create] Created (PushQEl1AsyncHwEl | timeout: 10s)
[2026-08-28 23:02:35.105] [31756] [HailoRT] [info] [filter_elements.cpp:372] [create] Created (PostInferEl1AsyncHwEl | Quantization - src_type: UINT8, dst_type FLOAT32, limvals_min: -61.1455, limvals_max: 21.3524 | Reorder - src_order: FCR, src_shape: (50, 80, 72), dst_order: FCR, dst_shape: (50, 80, 65))
[2026-08-28 23:02:35.105] [31756] [HailoRT] [info] [edge_elements.cpp:187] [create] Created (LastAsyncEl0PostInferEl1AsyncHwEl)
[2026-08-28 23:02:35.105] [31756] [HailoRT] [info] [queue_elements.cpp:450] [create] Created (PushQEl0AsyncHwEl | timeout: 10s)
[2026-08-28 23:02:35.105] [31756] [HailoRT] [info] [filter_elements.cpp:372] [create] Created (PostInferEl0AsyncHwEl | Quantization - src_type: UINT8, dst_type FLOAT32, limvals_min: -893.941, limvals_max: 782.198)
[2026-08-28 23:02:35.105] [31756] [HailoRT] [info] [edge_elements.cpp:187] [create] Created (LastAsyncEl0PostInferEl0AsyncHwEl)
[2026-08-28 23:02:35.105] [31756] [HailoRT] [info] [pipeline.cpp:891] [print_deep_description] EntryPushQEl0superpoint/input_layer1 | inputs: user | outputs: AsyncHwEl(running in thread_id: 31784)
[2026-08-28 23:02:35.106] [31756] [HailoRT] [info] [pipeline.cpp:891] [print_deep_description] AsyncHwEl | inputs: EntryPushQEl0superpoint/input_layer1[0] | outputs: PushQEl0AsyncHwEl PushQEl1AsyncHwEl
[2026-08-28 23:02:35.106] [31756] [HailoRT] [info] [pipeline.cpp:891] [print_deep_description] PushQEl0AsyncHwEl | inputs: AsyncHwEl[0] | outputs: PostInferEl0AsyncHwEl(running in thread_id: 31786)
[2026-08-28 23:02:35.106] [31756] [HailoRT] [info] [pipeline.cpp:891] [print_deep_description] PostInferEl0AsyncHwEl | inputs: PushQEl0AsyncHwEl[0] | outputs: LastAsyncEl0PostInferEl0AsyncHwEl
[2026-08-28 23:02:35.106] [31756] [HailoRT] [info] [pipeline.cpp:891] [print_deep_description] LastAsyncEl0PostInferEl0AsyncHwEl | inputs: PostInferEl0AsyncHwEl[0] | outputs: user
[2026-08-28 23:02:35.106] [31756] [HailoRT] [info] [pipeline.cpp:891] [print_deep_description] PushQEl1AsyncHwEl | inputs: AsyncHwEl[0] | outputs: PostInferEl1AsyncHwEl(running in thread_id: 31785)
[2026-08-28 23:02:35.106] [31756] [HailoRT] [info] [pipeline.cpp:891] [print_deep_description] PostInferEl1AsyncHwEl | inputs: PushQEl1AsyncHwEl[0] | outputs: LastAsyncEl0PostInferEl1AsyncHwEl
[2026-08-28 23:02:35.106] [31756] [HailoRT] [info] [pipeline.cpp:891] [print_deep_description] LastAsyncEl0PostInferEl1AsyncHwEl | inputs: PostInferEl1AsyncHwEl[0] | outputs: user
[2026-08-28 23:20:28.943] [31756] [HailoRT] [info] [async_infer_runner.cpp:86] [shutdown] Pipeline was aborted. Shutting it down
[2026-08-28 23:20:28.944] [31756] [HailoRT] [info] [async_infer_runner.cpp:86] [shutdown] Pipeline was aborted. Shutting it down
[2026-08-28 23:20:28.944] [31756] [HailoRT] [info] [async_infer_runner.cpp:86] [shutdown] Pipeline was aborted. Shutting it down
[2026-08-28 23:20:28.944] [31756] [HailoRT] [info] [queue_elements.cpp:570] [execute_deactivate] enqueue() in element PushQEl0AsyncHwEl was aborted, got status = HAILO_SHUTDOWN_EVENT_SIGNALED(57)
[2026-08-28 23:20:28.944] [31756] [HailoRT] [info] [queue_elements.cpp:570] [execute_deactivate] enqueue() in element PushQEl1AsyncHwEl was aborted, got status = HAILO_SHUTDOWN_EVENT_SIGNALED(57)
[2026-08-28 23:20:28.944] [31756] [HailoRT] [info] [queue_elements.cpp:570] [execute_deactivate] enqueue() in element EntryPushQEl0superpoint/input_layer1 was aborted, got status = HAILO_SHUTDOWN_EVENT_SIGNALED(57)
[2026-08-28 23:20:28.944] [31756] [HailoRT] [info] [queue_elements.cpp:46] [~BaseQueueElement] Queue element EntryPushQEl0superpoint/input_layer1 has 0 frames in his Queue on destruction
[2026-08-28 23:20:28.944] [31756] [HailoRT] [info] [queue_elements.cpp:46] [~BaseQueueElement] Queue element PushQEl1AsyncHwEl has 0 frames in his Queue on destruction
[2026-08-28 23:20:28.944] [31756] [HailoRT] [info] [queue_elements.cpp:46] [~BaseQueueElement] Queue element PushQEl0AsyncHwEl has 0 frames in his Queue on destruction
[2026-08-28 23:20:31.339] [33885] [HailoRT] [info] [vdevice.cpp:535] [create] Creating vdevice with params: device_count: 1, scheduling_algorithm: ROUND_ROBIN, multi_process_service: false
[2026-08-28 23:20:31.351] [33885] [HailoRT] [info] [device.cpp:51] [Device] OS Version: Linux 6.18.34+rpt-rpi-2712 #1 SMP PREEMPT Debian 1:6.18.34-1+rpt1 (2026-06-09) aarch64
[2026-08-28 23:20:31.351] [33885] [HailoRT] [info] [control.cpp:113] [control__parse_identify_results] firmware_version is: 4.23.0
[2026-08-28 23:20:31.351] [33885] [HailoRT] [info] [vdevice.cpp:682] [create] VDevice Infos: 0001:01:00.0
[2026-08-28 23:20:31.354] [33885] [HailoRT] [info] [hef.cpp:1994] [get_network_group_and_network_name] No name was given. Addressing all networks of default network_group: superpoint
[2026-08-28 23:20:31.355] [33885] [HailoRT] [info] [hef.cpp:1994] [get_network_group_and_network_name] No name was given. Addressing all networks of default network_group: superpoint
[2026-08-28 23:20:31.360] [33885] [HailoRT] [info] [internal_buffer_manager.cpp:75] [print_execution_results] Default Internal buffer planner failed to meet requirements
[2026-08-28 23:20:31.360] [33885] [HailoRT] [info] [internal_buffer_manager.cpp:86] [print_execution_results] Default Internal buffer planner executed successfully
[2026-08-28 23:20:31.365] [33885] [HailoRT] [info] [device_internal.cpp:57] [configure] Configuring HEF took 10.55107 milliseconds
[2026-08-28 23:20:31.366] [33885] [HailoRT] [info] [vdevice.cpp:780] [configure] Configuring HEF on VDevice took 10.813329 milliseconds
[2026-08-28 23:20:31.366] [33885] [HailoRT] [info] [infer_model.cpp:417] [configure] Configuring network group 'superpoint' with params: batch size: 0, power mode: PERFORMANCE, latency: NONE
[2026-08-28 23:20:31.366] [33885] [HailoRT] [info] [multi_io_elements.cpp:754] [create] Created (AsyncHwEl)
[2026-08-28 23:20:31.366] [33885] [HailoRT] [info] [queue_elements.cpp:450] [create] Created (EntryPushQEl0superpoint/input_layer1 | timeout: 10s)
[2026-08-28 23:20:31.366] [33885] [HailoRT] [info] [queue_elements.cpp:450] [create] Created (PushQEl1AsyncHwEl | timeout: 10s)
[2026-08-28 23:20:31.366] [33885] [HailoRT] [info] [filter_elements.cpp:372] [create] Created (PostInferEl1AsyncHwEl | Quantization - src_type: UINT8, dst_type FLOAT32, limvals_min: -61.1455, limvals_max: 21.3524 | Reorder - src_order: FCR, src_shape: (50, 80, 72), dst_order: FCR, dst_shape: (50, 80, 65))
[2026-08-28 23:20:31.366] [33885] [HailoRT] [info] [edge_elements.cpp:187] [create] Created (LastAsyncEl0PostInferEl1AsyncHwEl)
[2026-08-28 23:20:31.366] [33885] [HailoRT] [info] [queue_elements.cpp:450] [create] Created (PushQEl0AsyncHwEl | timeout: 10s)
[2026-08-28 23:20:31.366] [33885] [HailoRT] [info] [filter_elements.cpp:372] [create] Created (PostInferEl0AsyncHwEl | Quantization - src_type: UINT8, dst_type FLOAT32, limvals_min: -893.941, limvals_max: 782.198)
[2026-08-28 23:20:31.366] [33885] [HailoRT] [info] [edge_elements.cpp:187] [create] Created (LastAsyncEl0PostInferEl0AsyncHwEl)
[2026-08-28 23:20:31.366] [33885] [HailoRT] [info] [pipeline.cpp:891] [print_deep_description] EntryPushQEl0superpoint/input_layer1 | inputs: user | outputs: AsyncHwEl(running in thread_id: 33914)
[2026-08-28 23:20:31.366] [33885] [HailoRT] [info] [pipeline.cpp:891] [print_deep_description] AsyncHwEl | inputs: EntryPushQEl0superpoint/input_layer1[0] | outputs: PushQEl0AsyncHwEl PushQEl1AsyncHwEl
[2026-08-28 23:20:31.366] [33885] [HailoRT] [info] [pipeline.cpp:891] [print_deep_description] PushQEl0AsyncHwEl | inputs: AsyncHwEl[0] | outputs: PostInferEl0AsyncHwEl(running in thread_id: 33916)
[2026-08-28 23:20:31.366] [33885] [HailoRT] [info] [pipeline.cpp:891] [print_deep_description] PostInferEl0AsyncHwEl | inputs: PushQEl0AsyncHwEl[0] | outputs: LastAsyncEl0PostInferEl0AsyncHwEl
[2026-08-28 23:20:31.366] [33885] [HailoRT] [info] [pipeline.cpp:891] [print_deep_description] LastAsyncEl0PostInferEl0AsyncHwEl | inputs: PostInferEl0AsyncHwEl[0] | outputs: user
[2026-08-28 23:20:31.366] [33885] [HailoRT] [info] [pipeline.cpp:891] [print_deep_description] PushQEl1AsyncHwEl | inputs: AsyncHwEl[0] | outputs: PostInferEl1AsyncHwEl(running in thread_id: 33915)
[2026-08-28 23:20:31.366] [33885] [HailoRT] [info] [pipeline.cpp:891] [print_deep_description] PostInferEl1AsyncHwEl | inputs: PushQEl1AsyncHwEl[0] | outputs: LastAsyncEl0PostInferEl1AsyncHwEl
[2026-08-28 23:20:31.366] [33885] [HailoRT] [info] [pipeline.cpp:891] [print_deep_description] LastAsyncEl0PostInferEl1AsyncHwEl | inputs: PostInferEl1AsyncHwEl[0] | outputs: user
